frame_0,Model_Inference,0.145126,fp32,592
frame_5,Model_Inference,0.131048,fp32,593
frame_10,Model_Inference,0.130541,fp32,597
frame_15,Model_Inference,0.127823,fp32,593
frame_20,Model_Inference,0.133248,fp32,622
frame_25,Model_Inference,0.141626,fp32,570
frame_30,Model_Inference,0.132487,fp32,565
frame_35,Model_Inference,0.134197,fp32,565
frame_40,Model_Inference,0.124518,fp32,561
frame_45,Model_Inference,0.148770,fp32,573
frame_50,Model_Inference,0.169812,fp32,578
frame_55,Model_Inference,0.124357,fp32,577
frame_60,Model_Inference,0.115919,fp32,567
frame_65,Model_Inference,0.132649,fp32,589
frame_70,Model_Inference,0.117057,fp32,613
frame_75,Model_Inference,0.126506,fp32,572
frame_80,Model_Inference,0.130037,fp32,583
frame_85,Model_Inference,0.145067,fp32,621
frame_90,Model_Inference,0.138946,fp32,607
frame_95,Model_Inference,0.138012,fp32,600
frame_100,Model_Inference,0.131770,fp32,565
frame_105,Model_Inference,0.137699,fp32,590
frame_110,Model_Inference,0.135902,fp32,593
frame_115,Model_Inference,0.120349,fp32,597
frame_120,Model_Inference,0.144908,fp32,602
frame_125,Model_Inference,0.136479,fp32,603
frame_130,Model_Inference,0.142152,fp32,601
frame_135,Model_Inference,0.131437,fp32,574
frame_140,Model_Inference,0.135264,fp32,604
frame_145,Model_Inference,0.134022,fp32,592
frame_150,Model_Inference,0.142320,fp32,586
frame_155,Model_Inference,0.144978,fp32,608
frame_160,Model_Inference,0.136561,fp32,605
frame_165,Model_Inference,0.146303,fp32,609
frame_170,Model_Inference,0.135692,fp32,614
frame_175,Model_Inference,0.142837,fp32,613
frame_180,Model_Inference,0.141450,fp32,669
frame_185,Model_Inference,0.136086,fp32,624
frame_190,Model_Inference,0.144117,fp32,632
frame_195,Model_Inference,0.140836,fp32,642
frame_200,Model_Inference,0.144764,fp32,652
frame_205,Model_Inference,0.124384,fp32,618
frame_210,Model_Inference,0.123680,fp32,648
frame_215,Model_Inference,0.143880,fp32,633
frame_220,Model_Inference,0.119118,fp32,649
frame_225,Model_Inference,0.136808,fp32,641
frame_0,Model_Inference,0.151126,fp32,592
frame_5,Model_Inference,0.145181,fp32,593
frame_10,Model_Inference,0.138972,fp32,597
frame_15,Model_Inference,0.162683,fp32,593
frame_20,Model_Inference,0.137354,fp32,622
frame_25,Model_Inference,0.118786,fp32,570
frame_30,Model_Inference,0.134189,fp32,565
frame_35,Model_Inference,0.133495,fp32,565
frame_40,Model_Inference,0.132636,fp32,561
frame_45,Model_Inference,0.157736,fp32,573
frame_50,Model_Inference,0.139877,fp32,578
frame_55,Model_Inference,0.132990,fp32,577
frame_60,Model_Inference,0.128369,fp32,567
frame_65,Model_Inference,0.118494,fp32,589
frame_70,Model_Inference,0.119513,fp32,613
frame_75,Model_Inference,0.143067,fp32,572
frame_80,Model_Inference,0.136285,fp32,583
frame_85,Model_Inference,0.135123,fp32,621
frame_90,Model_Inference,0.139026,fp32,607
frame_95,Model_Inference,0.141560,fp32,600
frame_100,Model_Inference,0.141059,fp32,565
frame_105,Model_Inference,0.134090,fp32,590
frame_110,Model_Inference,0.138058,fp32,593
frame_115,Model_Inference,0.137362,fp32,597
frame_120,Model_Inference,0.131199,fp32,602
frame_125,Model_Inference,0.139239,fp32,603
frame_130,Model_Inference,0.142560,fp32,601
frame_135,Model_Inference,0.146186,fp32,574
frame_140,Model_Inference,0.139656,fp32,604
frame_145,Model_Inference,0.121524,fp32,592
frame_150,Model_Inference,0.134592,fp32,586
frame_155,Model_Inference,0.145623,fp32,608
frame_160,Model_Inference,0.147184,fp32,605
frame_165,Model_Inference,0.139870,fp32,609
frame_170,Model_Inference,0.143949,fp32,614
frame_175,Model_Inference,0.123044,fp32,613
frame_180,Model_Inference,0.132646,fp32,669
frame_185,Model_Inference,0.144167,fp32,624
frame_190,Model_Inference,0.140394,fp32,632
frame_195,Model_Inference,0.139357,fp32,642
frame_200,Model_Inference,0.135557,fp32,652
frame_205,Model_Inference,0.141719,fp32,618
frame_210,Model_Inference,0.146426,fp32,648
frame_215,Model_Inference,0.144136,fp32,633
frame_220,Model_Inference,0.139237,fp32,649
frame_225,Model_Inference,0.129055,fp32,641
frame_230,Model_Inference,0.138142,fp32,615
frame_235,Model_Inference,0.137546,fp32,611
frame_240,Model_Inference,0.137422,fp32,618
frame_245,Model_Inference,0.133424,fp32,643
frame_250,Model_Inference,0.144156,fp32,623
frame_255,Model_Inference,0.135350,fp32,667
frame_260,Model_Inference,0.144247,fp32,657
frame_265,Model_Inference,0.132635,fp32,634
frame_270,Model_Inference,0.145770,fp32,625
frame_275,Model_Inference,0.120940,fp32,623
frame_280,Model_Inference,0.143952,fp32,662
frame_285,Model_Inference,0.141679,fp32,634
frame_290,Model_Inference,0.143274,fp32,635
frame_295,Model_Inference,0.141767,fp32,653
frame_300,Model_Inference,0.145567,fp32,632
frame_305,Model_Inference,0.124615,fp32,637
frame_310,Model_Inference,0.136855,fp32,619
frame_315,Model_Inference,0.146298,fp32,631
frame_320,Model_Inference,0.140264,fp32,635
frame_325,Model_Inference,0.123396,fp32,607
frame_330,Model_Inference,0.136840,fp32,609
frame_335,Model_Inference,0.139340,fp32,617
frame_340,Model_Inference,0.139635,fp32,613
frame_345,Model_Inference,0.122521,fp32,611
frame_350,Model_Inference,0.144992,fp32,577
frame_355,Model_Inference,0.142269,fp32,606
frame_360,Model_Inference,0.141554,fp32,594
frame_365,Model_Inference,0.135702,fp32,599
frame_370,Model_Inference,0.139212,fp32,585
frame_375,Model_Inference,0.130047,fp32,585
frame_380,Model_Inference,0.145433,fp32,615
frame_385,Model_Inference,0.147321,fp32,620
frame_390,Model_Inference,0.137986,fp32,590
frame_395,Model_Inference,0.140814,fp32,577
frame_400,Model_Inference,0.142803,fp32,562
frame_405,Model_Inference,0.137882,fp32,563
frame_410,Model_Inference,0.139324,fp32,552
frame_415,Model_Inference,0.127280,fp32,552
frame_420,Model_Inference,0.137612,fp32,546
frame_425,Model_Inference,0.143023,fp32,533
frame_430,Model_Inference,0.137162,fp32,531
frame_435,Model_Inference,0.141463,fp32,585
frame_440,Model_Inference,0.151343,fp32,574
frame_0,Model_Inference,0.067058,fp16,596
frame_5,Model_Inference,0.059142,fp16,604
frame_10,Model_Inference,0.069562,fp16,601
frame_15,Model_Inference,0.055183,fp16,598
frame_20,Model_Inference,0.059176,fp16,635
frame_25,Model_Inference,0.060398,fp16,582
frame_30,Model_Inference,0.057516,fp16,572
frame_35,Model_Inference,0.059761,fp16,578
frame_40,Model_Inference,0.060447,fp16,570
frame_45,Model_Inference,0.068012,fp16,584
frame_50,Model_Inference,0.067232,fp16,588
frame_55,Model_Inference,0.070391,fp16,585
frame_60,Model_Inference,0.076315,fp16,573
frame_65,Model_Inference,0.048294,fp16,597
frame_70,Model_Inference,0.056069,fp16,618
frame_75,Model_Inference,0.058520,fp16,583
frame_80,Model_Inference,0.053533,fp16,592
frame_85,Model_Inference,0.038156,fp16,626
frame_90,Model_Inference,0.053516,fp16,618
frame_95,Model_Inference,0.072583,fp16,608
frame_100,Model_Inference,0.048911,fp16,580
frame_105,Model_Inference,0.056535,fp16,600
frame_110,Model_Inference,0.067702,fp16,601
frame_115,Model_Inference,0.054837,fp16,605
frame_120,Model_Inference,0.057708,fp16,606
frame_125,Model_Inference,0.069962,fp16,615
frame_130,Model_Inference,0.063366,fp16,611
frame_135,Model_Inference,0.069064,fp16,590
frame_140,Model_Inference,0.060047,fp16,610
frame_145,Model_Inference,0.041610,fp16,601
frame_150,Model_Inference,0.066541,fp16,605
frame_155,Model_Inference,0.068948,fp16,621
frame_160,Model_Inference,0.047818,fp16,615
frame_165,Model_Inference,0.052550,fp16,607
frame_170,Model_Inference,0.061897,fp16,622
frame_175,Model_Inference,0.062947,fp16,620
frame_180,Model_Inference,0.055019,fp16,678
frame_185,Model_Inference,0.044362,fp16,640
frame_190,Model_Inference,0.073771,fp16,635
frame_195,Model_Inference,0.050055,fp16,651
frame_200,Model_Inference,0.045239,fp16,657
frame_205,Model_Inference,0.066177,fp16,622
frame_210,Model_Inference,0.046262,fp16,661
frame_215,Model_Inference,0.064577,fp16,643
frame_220,Model_Inference,0.045543,fp16,659
frame_225,Model_Inference,0.029188,fp16,649
frame_230,Model_Inference,0.065557,fp16,628
frame_235,Model_Inference,0.062077,fp16,621
frame_240,Model_Inference,0.076488,fp16,629
frame_245,Model_Inference,0.046728,fp16,647
frame_250,Model_Inference,0.063031,fp16,634
frame_255,Model_Inference,0.061070,fp16,679
frame_260,Model_Inference,0.066461,fp16,665
frame_265,Model_Inference,0.067284,fp16,638
frame_270,Model_Inference,0.055477,fp16,633
frame_275,Model_Inference,0.052986,fp16,637
frame_280,Model_Inference,0.065758,fp16,673
frame_285,Model_Inference,0.055974,fp16,645
frame_290,Model_Inference,0.057617,fp16,648
frame_295,Model_Inference,0.073095,fp16,661
frame_300,Model_Inference,0.074503,fp16,641
frame_305,Model_Inference,0.049316,fp16,651
frame_310,Model_Inference,0.047909,fp16,638
frame_315,Model_Inference,0.068635,fp16,633
frame_320,Model_Inference,0.049761,fp16,641
frame_325,Model_Inference,0.049480,fp16,613
frame_330,Model_Inference,0.062154,fp16,623
frame_335,Model_Inference,0.059029,fp16,622
frame_340,Model_Inference,0.076294,fp16,623
frame_345,Model_Inference,0.052002,fp16,621
frame_350,Model_Inference,0.067684,fp16,587
frame_355,Model_Inference,0.057630,fp16,617
frame_360,Model_Inference,0.072296,fp16,605
frame_365,Model_Inference,0.063907,fp16,610
frame_370,Model_Inference,0.074255,fp16,588
frame_375,Model_Inference,0.061217,fp16,594
frame_380,Model_Inference,0.060067,fp16,627
frame_385,Model_Inference,0.064740,fp16,635
frame_390,Model_Inference,0.047389,fp16,602
frame_395,Model_Inference,0.073527,fp16,582
frame_400,Model_Inference,0.069718,fp16,573
frame_405,Model_Inference,0.062094,fp16,577
frame_410,Model_Inference,0.063323,fp16,561
frame_415,Model_Inference,0.064664,fp16,562
frame_420,Model_Inference,0.075867,fp16,553
frame_425,Model_Inference,0.083890,fp16,538
frame_430,Model_Inference,0.075212,fp16,536
frame_435,Model_Inference,0.060429,fp16,591
frame_440,Model_Inference,0.067441,fp16,583
frame_0,Model_Inference,0.037373,fp16,596
frame_10,Model_Inference,0.050086,fp16,601
frame_20,Model_Inference,0.052939,fp16,635
frame_30,Model_Inference,0.057307,fp16,572
frame_40,Model_Inference,0.058928,fp16,570
frame_50,Model_Inference,0.070822,fp16,588
frame_60,Model_Inference,0.063947,fp16,573
frame_70,Model_Inference,0.065471,fp16,618
frame_80,Model_Inference,0.064397,fp16,592
frame_90,Model_Inference,0.055789,fp16,618
frame_100,Model_Inference,0.064351,fp16,580
frame_110,Model_Inference,0.064935,fp16,601
frame_120,Model_Inference,0.059623,fp16,606
frame_130,Model_Inference,0.061586,fp16,611
frame_140,Model_Inference,0.061011,fp16,610
frame_150,Model_Inference,0.068825,fp16,605
frame_160,Model_Inference,0.064516,fp16,615
frame_170,Model_Inference,0.071681,fp16,622
frame_180,Model_Inference,0.065708,fp16,678
frame_190,Model_Inference,0.070337,fp16,635
frame_200,Model_Inference,0.063871,fp16,657
frame_210,Model_Inference,0.059944,fp16,661
frame_220,Model_Inference,0.065819,fp16,659
frame_230,Model_Inference,0.065947,fp16,628
frame_240,Model_Inference,0.048805,fp16,629
frame_250,Model_Inference,0.056408,fp16,634
frame_260,Model_Inference,0.062339,fp16,665
frame_270,Model_Inference,0.072536,fp16,633
frame_280,Model_Inference,0.067626,fp16,673
frame_290,Model_Inference,0.060879,fp16,648
frame_300,Model_Inference,0.064048,fp16,641
frame_310,Model_Inference,0.072630,fp16,638
frame_320,Model_Inference,0.064669,fp16,641
frame_330,Model_Inference,0.061399,fp16,623
frame_340,Model_Inference,0.063725,fp16,623
frame_350,Model_Inference,0.061239,fp16,587
frame_360,Model_Inference,0.061369,fp16,605
frame_370,Model_Inference,0.068554,fp16,588
frame_380,Model_Inference,0.064450,fp16,627
frame_390,Model_Inference,0.071903,fp16,602
frame_400,Model_Inference,0.058553,fp16,573
frame_410,Model_Inference,0.070026,fp16,561
frame_420,Model_Inference,0.063121,fp16,553
frame_430,Model_Inference,0.067696,fp16,536
frame_440,Model_Inference,0.070439,fp16,583
frame_0,Model_Inference,0.046944,fp16,596
frame_25,Model_Inference,0.061260,fp16,582
frame_50,Model_Inference,0.056053,fp16,588
frame_75,Model_Inference,0.064768,fp16,583
frame_100,Model_Inference,0.074738,fp16,580
frame_125,Model_Inference,0.068234,fp16,615
frame_150,Model_Inference,0.067202,fp16,605
frame_175,Model_Inference,0.069580,fp16,620
frame_200,Model_Inference,0.054570,fp16,657
frame_225,Model_Inference,0.072445,fp16,649
frame_250,Model_Inference,0.063595,fp16,634
frame_275,Model_Inference,0.073663,fp16,637
frame_300,Model_Inference,0.059518,fp16,641
frame_325,Model_Inference,0.071808,fp16,613
frame_350,Model_Inference,0.066783,fp16,587
frame_375,Model_Inference,0.064926,fp16,594
frame_400,Model_Inference,0.072037,fp16,573
frame_425,Model_Inference,0.071829,fp16,538
frame_0,Model_Inference,0.070996,fp16,596
frame_15,Model_Inference,0.072528,fp16,598
frame_30,Model_Inference,0.064664,fp16,572
frame_45,Model_Inference,0.073219,fp16,584
frame_60,Model_Inference,0.061980,fp16,573
frame_75,Model_Inference,0.063170,fp16,583
frame_90,Model_Inference,0.064212,fp16,618
frame_105,Model_Inference,0.074692,fp16,600
frame_120,Model_Inference,0.072330,fp16,606
frame_135,Model_Inference,0.083775,fp16,590
frame_150,Model_Inference,0.066810,fp16,605
frame_165,Model_Inference,0.062155,fp16,607
frame_180,Model_Inference,0.062248,fp16,678
frame_195,Model_Inference,0.063611,fp16,651
frame_210,Model_Inference,0.056101,fp16,661
frame_225,Model_Inference,0.061042,fp16,649
frame_240,Model_Inference,0.068931,fp16,629
frame_255,Model_Inference,0.066685,fp16,679
frame_270,Model_Inference,0.068398,fp16,633
frame_285,Model_Inference,0.071749,fp16,645
frame_300,Model_Inference,0.066882,fp16,641
frame_315,Model_Inference,0.073807,fp16,633
frame_330,Model_Inference,0.066650,fp16,623
frame_345,Model_Inference,0.067990,fp16,621
frame_360,Model_Inference,0.054541,fp16,605
frame_375,Model_Inference,0.068246,fp16,594
frame_390,Model_Inference,0.068446,fp16,602
frame_405,Model_Inference,0.062503,fp16,577
frame_420,Model_Inference,0.074633,fp16,553
frame_435,Model_Inference,0.069071,fp16,591
frame_0,Model_Inference,0.063132,fp16,596
frame_20,Model_Inference,0.063921,fp16,635
frame_40,Model_Inference,0.067798,fp16,570
frame_60,Model_Inference,0.062990,fp16,573
frame_80,Model_Inference,0.071807,fp16,592
frame_100,Model_Inference,0.067294,fp16,580
frame_120,Model_Inference,0.065731,fp16,606
frame_140,Model_Inference,0.072024,fp16,610
frame_160,Model_Inference,0.059321,fp16,615
frame_180,Model_Inference,0.063101,fp16,678
frame_200,Model_Inference,0.062750,fp16,657
frame_220,Model_Inference,0.069073,fp16,659
frame_240,Model_Inference,0.067019,fp16,629
frame_260,Model_Inference,0.073463,fp16,665
frame_280,Model_Inference,0.069338,fp16,673
frame_300,Model_Inference,0.063886,fp16,641
frame_320,Model_Inference,0.069573,fp16,641
frame_340,Model_Inference,0.066435,fp16,623
frame_360,Model_Inference,0.069099,fp16,605
frame_380,Model_Inference,0.063918,fp16,627
frame_400,Model_Inference,0.064689,fp16,573
frame_420,Model_Inference,0.063954,fp16,553
frame_440,Model_Inference,0.076258,fp16,583
frame_0,Model_Inference,0.048482,fp16,596
frame_25,Model_Inference,0.070268,fp16,582
frame_50,Model_Inference,0.040845,fp16,588
frame_75,Model_Inference,0.067554,fp16,583
frame_100,Model_Inference,0.045051,fp16,580
frame_125,Model_Inference,0.053542,fp16,615
frame_150,Model_Inference,0.059987,fp16,605
frame_175,Model_Inference,0.056636,fp16,620
frame_200,Model_Inference,0.055922,fp16,657
frame_225,Model_Inference,0.045200,fp16,649
frame_250,Model_Inference,0.045650,fp16,634
frame_275,Model_Inference,0.047656,fp16,637
frame_300,Model_Inference,0.049298,fp16,641
frame_325,Model_Inference,0.057070,fp16,613
frame_350,Model_Inference,0.037273,fp16,587
frame_375,Model_Inference,0.041238,fp16,594
frame_400,Model_Inference,0.055701,fp16,573
frame_425,Model_Inference,0.045877,fp16,538
frame_0,Model_Inference,0.067803,fp16,596
frame_5,Model_Inference,0.065615,fp16,604
frame_10,Model_Inference,0.062384,fp16,601
frame_15,Model_Inference,0.053379,fp16,598
frame_20,Model_Inference,0.052098,fp16,635
frame_25,Model_Inference,0.037504,fp16,582
frame_30,Model_Inference,0.041678,fp16,572
frame_35,Model_Inference,0.048388,fp16,578
frame_40,Model_Inference,0.058862,fp16,570
frame_45,Model_Inference,0.073023,fp16,584
frame_50,Model_Inference,0.067361,fp16,588
frame_55,Model_Inference,0.070269,fp16,585
frame_60,Model_Inference,0.068353,fp16,573
frame_65,Model_Inference,0.068051,fp16,597
frame_70,Model_Inference,0.060594,fp16,618
frame_75,Model_Inference,0.070169,fp16,583
frame_80,Model_Inference,0.075786,fp16,592
frame_85,Model_Inference,0.058571,fp16,626
frame_90,Model_Inference,0.068447,fp16,618
frame_95,Model_Inference,0.059641,fp16,608
frame_100,Model_Inference,0.062727,fp16,580
frame_105,Model_Inference,0.054838,fp16,600
frame_110,Model_Inference,0.047050,fp16,601
frame_115,Model_Inference,0.067694,fp16,605
frame_120,Model_Inference,0.074274,fp16,606
frame_125,Model_Inference,0.065911,fp16,615
frame_130,Model_Inference,0.073223,fp16,611
frame_135,Model_Inference,0.072791,fp16,590
frame_140,Model_Inference,0.060145,fp16,610
frame_145,Model_Inference,0.065888,fp16,601
frame_150,Model_Inference,0.059829,fp16,605
frame_155,Model_Inference,0.065402,fp16,621
frame_160,Model_Inference,0.075453,fp16,615
frame_165,Model_Inference,0.071629,fp16,607
frame_170,Model_Inference,0.063408,fp16,622
frame_175,Model_Inference,0.066844,fp16,620
frame_180,Model_Inference,0.058548,fp16,678
frame_185,Model_Inference,0.075526,fp16,640
frame_190,Model_Inference,0.068411,fp16,635
frame_195,Model_Inference,0.062493,fp16,651
frame_200,Model_Inference,0.069639,fp16,657
frame_205,Model_Inference,0.061103,fp16,622
frame_210,Model_Inference,0.063942,fp16,661
frame_215,Model_Inference,0.053544,fp16,643
frame_220,Model_Inference,0.066126,fp16,659
frame_225,Model_Inference,0.069836,fp16,649
frame_230,Model_Inference,0.062842,fp16,628
frame_235,Model_Inference,0.058896,fp16,621
frame_240,Model_Inference,0.065707,fp16,629
frame_245,Model_Inference,0.073044,fp16,647
frame_250,Model_Inference,0.059221,fp16,634
frame_255,Model_Inference,0.069659,fp16,679
frame_260,Model_Inference,0.059118,fp16,665
frame_265,Model_Inference,0.072431,fp16,638
frame_270,Model_Inference,0.054115,fp16,633
frame_275,Model_Inference,0.063428,fp16,637
frame_280,Model_Inference,0.068661,fp16,673
frame_285,Model_Inference,0.066513,fp16,645
frame_290,Model_Inference,0.074781,fp16,648
frame_295,Model_Inference,0.060171,fp16,661
frame_300,Model_Inference,0.068918,fp16,641
frame_305,Model_Inference,0.074640,fp16,651
frame_310,Model_Inference,0.059841,fp16,638
frame_315,Model_Inference,0.069914,fp16,633
frame_320,Model_Inference,0.057101,fp16,641
frame_325,Model_Inference,0.060894,fp16,613
frame_330,Model_Inference,0.069306,fp16,623
frame_335,Model_Inference,0.062629,fp16,622
frame_340,Model_Inference,0.066936,fp16,623
frame_345,Model_Inference,0.062913,fp16,621
frame_350,Model_Inference,0.058231,fp16,587
frame_355,Model_Inference,0.069143,fp16,617
frame_360,Model_Inference,0.069934,fp16,605
frame_365,Model_Inference,0.067661,fp16,610
frame_370,Model_Inference,0.060196,fp16,588
frame_375,Model_Inference,0.070997,fp16,594
frame_380,Model_Inference,0.063015,fp16,627
frame_385,Model_Inference,0.064913,fp16,635
frame_390,Model_Inference,0.058973,fp16,602
frame_395,Model_Inference,0.067911,fp16,582
frame_400,Model_Inference,0.079674,fp16,573
frame_405,Model_Inference,0.058470,fp16,577
frame_410,Model_Inference,0.067642,fp16,561
frame_415,Model_Inference,0.076631,fp16,562
frame_420,Model_Inference,0.065679,fp16,553
frame_425,Model_Inference,0.069149,fp16,538
frame_430,Model_Inference,0.065786,fp16,536
frame_435,Model_Inference,0.070826,fp16,591
frame_440,Model_Inference,0.063342,fp16,583
frame_0,Model_Inference,0.069912,fp16,596
frame_10,Model_Inference,0.064056,fp16,601
frame_20,Model_Inference,0.070576,fp16,635
frame_30,Model_Inference,0.044988,fp16,572
frame_40,Model_Inference,0.041857,fp16,570
frame_50,Model_Inference,0.048986,fp16,588
frame_60,Model_Inference,0.051356,fp16,573
frame_70,Model_Inference,0.053925,fp16,618
frame_80,Model_Inference,0.048629,fp16,592
frame_90,Model_Inference,0.043854,fp16,618
frame_100,Model_Inference,0.054811,fp16,580
frame_110,Model_Inference,0.058730,fp16,601
frame_120,Model_Inference,0.048630,fp16,606
frame_130,Model_Inference,0.062961,fp16,611
frame_140,Model_Inference,0.057757,fp16,610
frame_150,Model_Inference,0.048357,fp16,605
frame_160,Model_Inference,0.054981,fp16,615
frame_170,Model_Inference,0.075396,fp16,622
frame_180,Model_Inference,0.053547,fp16,678
frame_190,Model_Inference,0.075274,fp16,635
frame_200,Model_Inference,0.065118,fp16,657
frame_210,Model_Inference,0.060955,fp16,661
frame_220,Model_Inference,0.070976,fp16,659
frame_230,Model_Inference,0.058727,fp16,628
frame_240,Model_Inference,0.071565,fp16,629
frame_250,Model_Inference,0.073129,fp16,634
frame_260,Model_Inference,0.058194,fp16,665
frame_270,Model_Inference,0.059745,fp16,633
frame_280,Model_Inference,0.062986,fp16,673
frame_290,Model_Inference,0.065071,fp16,648
frame_300,Model_Inference,0.079186,fp16,641
frame_310,Model_Inference,0.071492,fp16,638
frame_320,Model_Inference,0.058902,fp16,641
frame_330,Model_Inference,0.068539,fp16,623
frame_340,Model_Inference,0.065653,fp16,623
frame_350,Model_Inference,0.058142,fp16,587
frame_360,Model_Inference,0.071423,fp16,605
frame_370,Model_Inference,0.077753,fp16,588
frame_380,Model_Inference,0.069423,fp16,627
frame_390,Model_Inference,0.063584,fp16,602
frame_400,Model_Inference,0.066334,fp16,573
frame_410,Model_Inference,0.061198,fp16,561
frame_420,Model_Inference,0.059201,fp16,553
frame_430,Model_Inference,0.060324,fp16,536
frame_440,Model_Inference,0.066854,fp16,583
frame_0,Model_Inference,0.066068,fp16,596
frame_15,Model_Inference,0.062235,fp16,598
frame_30,Model_Inference,0.063284,fp16,572
frame_45,Model_Inference,0.046972,fp16,584
frame_60,Model_Inference,0.043727,fp16,573
frame_75,Model_Inference,0.061850,fp16,583
frame_90,Model_Inference,0.069493,fp16,618
frame_105,Model_Inference,0.065167,fp16,600
frame_120,Model_Inference,0.070319,fp16,606
frame_135,Model_Inference,0.069631,fp16,590
frame_150,Model_Inference,0.072508,fp16,605
frame_165,Model_Inference,0.070710,fp16,607
frame_180,Model_Inference,0.068739,fp16,678
frame_195,Model_Inference,0.057943,fp16,651
frame_210,Model_Inference,0.064480,fp16,661
frame_225,Model_Inference,0.070243,fp16,649
frame_240,Model_Inference,0.068968,fp16,629
frame_255,Model_Inference,0.060082,fp16,679
frame_270,Model_Inference,0.051626,fp16,633
frame_285,Model_Inference,0.061258,fp16,645
frame_300,Model_Inference,0.072571,fp16,641
frame_315,Model_Inference,0.070498,fp16,633
frame_330,Model_Inference,0.048760,fp16,623
frame_345,Model_Inference,0.059126,fp16,621
frame_360,Model_Inference,0.066150,fp16,605
frame_375,Model_Inference,0.063891,fp16,594
frame_390,Model_Inference,0.051410,fp16,602
frame_405,Model_Inference,0.052510,fp16,577
frame_420,Model_Inference,0.070706,fp16,553
frame_435,Model_Inference,0.063146,fp16,591
frame_0,Model_Inference,0.074444,fp16,596
frame_20,Model_Inference,0.059168,fp16,635
frame_40,Model_Inference,0.072899,fp16,570
frame_60,Model_Inference,0.070793,fp16,573
frame_80,Model_Inference,0.065888,fp16,592
frame_100,Model_Inference,0.054237,fp16,580
frame_120,Model_Inference,0.067552,fp16,606
frame_140,Model_Inference,0.069315,fp16,610
frame_160,Model_Inference,0.062518,fp16,615
frame_180,Model_Inference,0.064029,fp16,678
frame_200,Model_Inference,0.066393,fp16,657
frame_220,Model_Inference,0.066860,fp16,659
frame_240,Model_Inference,0.065978,fp16,629
frame_260,Model_Inference,0.059806,fp16,665
frame_280,Model_Inference,0.062406,fp16,673
frame_300,Model_Inference,0.065940,fp16,641
frame_320,Model_Inference,0.071190,fp16,641
frame_340,Model_Inference,0.061535,fp16,623
frame_360,Model_Inference,0.071375,fp16,605
frame_380,Model_Inference,0.072364,fp16,627
frame_400,Model_Inference,0.067997,fp16,573
frame_420,Model_Inference,0.069559,fp16,553
frame_440,Model_Inference,0.069868,fp16,583
frame_0,Model_Inference,0.050079,fp16,596
frame_25,Model_Inference,0.048801,fp16,582
frame_50,Model_Inference,0.054226,fp16,588
frame_75,Model_Inference,0.039278,fp16,583
frame_100,Model_Inference,0.039828,fp16,580
frame_125,Model_Inference,0.064018,fp16,615
frame_150,Model_Inference,0.042027,fp16,605
frame_175,Model_Inference,0.059321,fp16,620
frame_200,Model_Inference,0.046316,fp16,657
frame_225,Model_Inference,0.048366,fp16,649
frame_250,Model_Inference,0.051137,fp16,634
frame_275,Model_Inference,0.051604,fp16,637
frame_300,Model_Inference,0.043889,fp16,641
frame_325,Model_Inference,0.049442,fp16,613
frame_350,Model_Inference,0.050435,fp16,587
frame_375,Model_Inference,0.051425,fp16,594
frame_400,Model_Inference,0.051381,fp16,573
frame_425,Model_Inference,0.065198,fp16,538
frame_0,Model_Inference,0.066492,fp16,596
frame_30,Model_Inference,0.066776,fp16,572
frame_60,Model_Inference,0.064781,fp16,573
frame_90,Model_Inference,0.070202,fp16,618
frame_120,Model_Inference,0.071211,fp16,606
frame_150,Model_Inference,0.068550,fp16,605
frame_180,Model_Inference,0.049177,fp16,678
frame_210,Model_Inference,0.060105,fp16,661
frame_240,Model_Inference,0.065406,fp16,629
frame_270,Model_Inference,0.066258,fp16,633
frame_300,Model_Inference,0.064445,fp16,641
frame_330,Model_Inference,0.064770,fp16,623
frame_360,Model_Inference,0.068435,fp16,605
frame_390,Model_Inference,0.065413,fp16,602
frame_420,Model_Inference,0.069716,fp16,553
frame_0,Model_Inference,0.051786,fp16,596
frame_35,Model_Inference,0.071419,fp16,578
frame_70,Model_Inference,0.064355,fp16,618
frame_105,Model_Inference,0.065084,fp16,600
frame_140,Model_Inference,0.060263,fp16,610
frame_175,Model_Inference,0.069731,fp16,620
frame_210,Model_Inference,0.060090,fp16,661
frame_245,Model_Inference,0.070771,fp16,647
frame_280,Model_Inference,0.069522,fp16,673
frame_315,Model_Inference,0.061962,fp16,633
frame_350,Model_Inference,0.060286,fp16,587
frame_385,Model_Inference,0.066951,fp16,635
frame_420,Model_Inference,0.072909,fp16,553
frame_0,Model_Inference,0.059970,fp16,596
frame_40,Model_Inference,0.053717,fp16,570
frame_80,Model_Inference,0.050235,fp16,592
frame_120,Model_Inference,0.075103,fp16,606
frame_160,Model_Inference,0.059312,fp16,615
frame_200,Model_Inference,0.055002,fp16,657
frame_240,Model_Inference,0.075487,fp16,629
frame_280,Model_Inference,0.068413,fp16,673
frame_320,Model_Inference,0.060015,fp16,641
frame_360,Model_Inference,0.063810,fp16,605
frame_400,Model_Inference,0.046231,fp16,573
frame_0,Model_Inference,0.069628,fp16,596
frame_5,Model_Inference,0.065752,fp16,604
frame_10,Model_Inference,0.070281,fp16,601
frame_15,Model_Inference,0.050646,fp16,598
frame_20,Model_Inference,0.071729,fp16,635
frame_25,Model_Inference,0.057787,fp16,582
frame_30,Model_Inference,0.042110,fp16,572
frame_35,Model_Inference,0.046720,fp16,578
frame_40,Model_Inference,0.052294,fp16,570
frame_45,Model_Inference,0.059876,fp16,584
frame_50,Model_Inference,0.035549,fp16,588
frame_55,Model_Inference,0.046680,fp16,585
frame_60,Model_Inference,0.040772,fp16,573
frame_65,Model_Inference,0.043401,fp16,597
frame_70,Model_Inference,0.072051,fp16,618
frame_75,Model_Inference,0.055417,fp16,583
frame_80,Model_Inference,0.057460,fp16,592
frame_85,Model_Inference,0.063769,fp16,626
frame_90,Model_Inference,0.040169,fp16,618
frame_95,Model_Inference,0.048666,fp16,608
frame_100,Model_Inference,0.046844,fp16,580
frame_105,Model_Inference,0.064058,fp16,600
frame_110,Model_Inference,0.062373,fp16,601
frame_115,Model_Inference,0.028750,fp16,605
frame_120,Model_Inference,0.052181,fp16,606
frame_125,Model_Inference,0.041634,fp16,615
frame_130,Model_Inference,0.057494,fp16,611
frame_135,Model_Inference,0.057119,fp16,590
frame_140,Model_Inference,0.061333,fp16,610
frame_145,Model_Inference,0.064484,fp16,601
frame_150,Model_Inference,0.068034,fp16,605
frame_155,Model_Inference,0.072254,fp16,621
frame_160,Model_Inference,0.056347,fp16,615
frame_165,Model_Inference,0.064434,fp16,607
frame_170,Model_Inference,0.059939,fp16,622
frame_175,Model_Inference,0.069671,fp16,620
frame_180,Model_Inference,0.061310,fp16,678
frame_185,Model_Inference,0.065419,fp16,640
frame_190,Model_Inference,0.070999,fp16,635
frame_195,Model_Inference,0.064518,fp16,651
frame_200,Model_Inference,0.067696,fp16,657
frame_205,Model_Inference,0.067505,fp16,622
frame_210,Model_Inference,0.059853,fp16,661
frame_215,Model_Inference,0.069107,fp16,643
frame_220,Model_Inference,0.071439,fp16,659
frame_225,Model_Inference,0.060277,fp16,649
frame_230,Model_Inference,0.048185,fp16,628
frame_235,Model_Inference,0.051450,fp16,621
frame_240,Model_Inference,0.061070,fp16,629
frame_245,Model_Inference,0.076832,fp16,647
frame_250,Model_Inference,0.066025,fp16,634
frame_255,Model_Inference,0.058605,fp16,679
frame_260,Model_Inference,0.072027,fp16,665
frame_265,Model_Inference,0.067306,fp16,638
frame_270,Model_Inference,0.052957,fp16,633
frame_275,Model_Inference,0.066691,fp16,637
frame_280,Model_Inference,0.065358,fp16,673
frame_285,Model_Inference,0.058500,fp16,645
frame_290,Model_Inference,0.058316,fp16,648
frame_295,Model_Inference,0.069462,fp16,661
frame_300,Model_Inference,0.066813,fp16,641
frame_305,Model_Inference,0.065695,fp16,651
frame_310,Model_Inference,0.067088,fp16,638
frame_315,Model_Inference,0.050645,fp16,633
frame_320,Model_Inference,0.050266,fp16,641
frame_325,Model_Inference,0.054315,fp16,613
frame_330,Model_Inference,0.059115,fp16,623
frame_335,Model_Inference,0.070082,fp16,622
frame_340,Model_Inference,0.068706,fp16,623
frame_345,Model_Inference,0.057618,fp16,621
frame_350,Model_Inference,0.052909,fp16,587
frame_355,Model_Inference,0.058514,fp16,617
frame_360,Model_Inference,0.067011,fp16,605
frame_365,Model_Inference,0.054868,fp16,610
frame_370,Model_Inference,0.072242,fp16,588
frame_375,Model_Inference,0.063546,fp16,594
frame_380,Model_Inference,0.070701,fp16,627
frame_385,Model_Inference,0.062082,fp16,635
frame_390,Model_Inference,0.055623,fp16,602
frame_395,Model_Inference,0.071112,fp16,582
frame_400,Model_Inference,0.070876,fp16,573
frame_405,Model_Inference,0.063992,fp16,577
frame_410,Model_Inference,0.047583,fp16,561
frame_415,Model_Inference,0.064405,fp16,562
frame_420,Model_Inference,0.056423,fp16,553
frame_425,Model_Inference,0.071141,fp16,538
frame_430,Model_Inference,0.073281,fp16,536
frame_435,Model_Inference,0.071308,fp16,591
frame_440,Model_Inference,0.062826,fp16,583
frame_0,Model_Inference,0.065249,fp16,596
frame_5,Model_Inference,0.071764,fp16,604
frame_10,Model_Inference,0.062849,fp16,601
frame_15,Model_Inference,0.060692,fp16,598
frame_20,Model_Inference,0.066329,fp16,635
frame_25,Model_Inference,0.054722,fp16,582
frame_30,Model_Inference,0.060408,fp16,572
frame_35,Model_Inference,0.064527,fp16,578
frame_40,Model_Inference,0.051185,fp16,570
frame_45,Model_Inference,0.064014,fp16,584
frame_50,Model_Inference,0.064364,fp16,588
frame_55,Model_Inference,0.056565,fp16,585
frame_60,Model_Inference,0.040150,fp16,573
frame_65,Model_Inference,0.049080,fp16,597
frame_70,Model_Inference,0.065709,fp16,618
frame_75,Model_Inference,0.068602,fp16,583
frame_80,Model_Inference,0.062022,fp16,592
frame_85,Model_Inference,0.059609,fp16,626
frame_90,Model_Inference,0.058456,fp16,618
frame_95,Model_Inference,0.045630,fp16,608
frame_100,Model_Inference,0.069001,fp16,580
frame_105,Model_Inference,0.083247,fp16,600
frame_110,Model_Inference,0.059295,fp16,601
frame_115,Model_Inference,0.071267,fp16,605
frame_120,Model_Inference,0.049479,fp16,606
frame_125,Model_Inference,0.063809,fp16,615
frame_130,Model_Inference,0.060321,fp16,611
frame_135,Model_Inference,0.063178,fp16,590
frame_140,Model_Inference,0.071817,fp16,610
frame_145,Model_Inference,0.048875,fp16,601
frame_150,Model_Inference,0.051320,fp16,605
frame_155,Model_Inference,0.055311,fp16,621
frame_160,Model_Inference,0.065723,fp16,615
frame_165,Model_Inference,0.038281,fp16,607
frame_170,Model_Inference,0.076010,fp16,622
frame_175,Model_Inference,0.063899,fp16,620
frame_180,Model_Inference,0.062596,fp16,678
frame_185,Model_Inference,0.064039,fp16,640
frame_190,Model_Inference,0.066076,fp16,635
frame_195,Model_Inference,0.041707,fp16,651
frame_200,Model_Inference,0.055078,fp16,657
frame_205,Model_Inference,0.052999,fp16,622
frame_210,Model_Inference,0.066851,fp16,661
frame_215,Model_Inference,0.060340,fp16,643
frame_220,Model_Inference,0.056476,fp16,659
frame_225,Model_Inference,0.050241,fp16,649
frame_230,Model_Inference,0.054199,fp16,628
frame_235,Model_Inference,0.066850,fp16,621
frame_240,Model_Inference,0.066733,fp16,629
frame_245,Model_Inference,0.047391,fp16,647
frame_250,Model_Inference,0.082208,fp16,634
frame_255,Model_Inference,0.057733,fp16,679
frame_260,Model_Inference,0.049545,fp16,665
frame_265,Model_Inference,0.060548,fp16,638
frame_270,Model_Inference,0.067493,fp16,633
frame_275,Model_Inference,0.060653,fp16,637
frame_280,Model_Inference,0.054508,fp16,673
frame_285,Model_Inference,0.048390,fp16,645
frame_290,Model_Inference,0.060083,fp16,648
frame_295,Model_Inference,0.068204,fp16,661
frame_300,Model_Inference,0.074393,fp16,641
frame_305,Model_Inference,0.073154,fp16,651
frame_310,Model_Inference,0.069601,fp16,638
frame_315,Model_Inference,0.041392,fp16,633
frame_320,Model_Inference,0.065873,fp16,641
frame_325,Model_Inference,0.045807,fp16,613
frame_330,Model_Inference,0.049742,fp16,623
frame_335,Model_Inference,0.038432,fp16,622
frame_340,Model_Inference,0.067294,fp16,623
frame_345,Model_Inference,0.065587,fp16,621
frame_350,Model_Inference,0.068929,fp16,587
frame_355,Model_Inference,0.049957,fp16,617
frame_360,Model_Inference,0.045750,fp16,605
frame_365,Model_Inference,0.070300,fp16,610
frame_370,Model_Inference,0.061610,fp16,588
frame_375,Model_Inference,0.053148,fp16,594
frame_380,Model_Inference,0.064343,fp16,627
frame_385,Model_Inference,0.054541,fp16,635
frame_390,Model_Inference,0.054824,fp16,602
frame_395,Model_Inference,0.062435,fp16,582
frame_400,Model_Inference,0.054628,fp16,573
frame_405,Model_Inference,0.065622,fp16,577
frame_410,Model_Inference,0.043396,fp16,561
frame_415,Model_Inference,0.056418,fp16,562
frame_420,Model_Inference,0.043383,fp16,553
frame_425,Model_Inference,0.043469,fp16,538
frame_430,Model_Inference,0.058276,fp16,536
frame_435,Model_Inference,0.066201,fp16,591
frame_440,Model_Inference,0.057746,fp16,583
frame_0,Model_Inference,0.051724,fp16,596
frame_10,Model_Inference,0.061455,fp16,601
frame_20,Model_Inference,0.056399,fp16,635
frame_30,Model_Inference,0.062067,fp16,572
frame_40,Model_Inference,0.048099,fp16,570
frame_50,Model_Inference,0.065872,fp16,588
frame_60,Model_Inference,0.036931,fp16,573
frame_70,Model_Inference,0.061661,fp16,618
frame_80,Model_Inference,0.049483,fp16,592
frame_90,Model_Inference,0.065578,fp16,618
frame_100,Model_Inference,0.059318,fp16,580
frame_110,Model_Inference,0.048824,fp16,601
frame_120,Model_Inference,0.052206,fp16,606
frame_130,Model_Inference,0.058480,fp16,611
frame_140,Model_Inference,0.068517,fp16,610
frame_150,Model_Inference,0.065260,fp16,605
frame_160,Model_Inference,0.057161,fp16,615
frame_170,Model_Inference,0.066161,fp16,622
frame_180,Model_Inference,0.060552,fp16,678
frame_190,Model_Inference,0.054849,fp16,635
frame_200,Model_Inference,0.067904,fp16,657
frame_210,Model_Inference,0.047327,fp16,661
frame_220,Model_Inference,0.052358,fp16,659
frame_230,Model_Inference,0.050058,fp16,628
frame_240,Model_Inference,0.066890,fp16,629
frame_250,Model_Inference,0.058162,fp16,634
frame_260,Model_Inference,0.056463,fp16,665
frame_270,Model_Inference,0.061845,fp16,633
frame_280,Model_Inference,0.043811,fp16,673
frame_290,Model_Inference,0.070636,fp16,648
frame_300,Model_Inference,0.052163,fp16,641
frame_310,Model_Inference,0.057851,fp16,638
frame_320,Model_Inference,0.055444,fp16,641
frame_330,Model_Inference,0.047457,fp16,623
frame_340,Model_Inference,0.066808,fp16,623
frame_350,Model_Inference,0.058073,fp16,587
frame_360,Model_Inference,0.063374,fp16,605
frame_370,Model_Inference,0.057913,fp16,588
frame_380,Model_Inference,0.054186,fp16,627
frame_390,Model_Inference,0.057746,fp16,602
frame_400,Model_Inference,0.058803,fp16,573
frame_410,Model_Inference,0.042068,fp16,561
frame_420,Model_Inference,0.053890,fp16,553
frame_430,Model_Inference,0.070627,fp16,536
frame_440,Model_Inference,0.069216,fp16,583
frame_0,Model_Inference,0.069732,fp16,596
frame_15,Model_Inference,0.053224,fp16,598
frame_30,Model_Inference,0.068734,fp16,572
frame_45,Model_Inference,0.052252,fp16,584
frame_60,Model_Inference,0.064442,fp16,573
frame_75,Model_Inference,0.054129,fp16,583
frame_90,Model_Inference,0.059164,fp16,618
frame_105,Model_Inference,0.058396,fp16,600
frame_120,Model_Inference,0.043100,fp16,606
frame_135,Model_Inference,0.054419,fp16,590
frame_150,Model_Inference,0.056188,fp16,605
frame_165,Model_Inference,0.066582,fp16,607
frame_180,Model_Inference,0.068476,fp16,678
frame_195,Model_Inference,0.055546,fp16,651
frame_210,Model_Inference,0.066371,fp16,661
frame_225,Model_Inference,0.044106,fp16,649
frame_240,Model_Inference,0.065583,fp16,629
frame_255,Model_Inference,0.059254,fp16,679
frame_270,Model_Inference,0.062700,fp16,633
frame_285,Model_Inference,0.058147,fp16,645
frame_300,Model_Inference,0.048827,fp16,641
frame_315,Model_Inference,0.042691,fp16,633
frame_330,Model_Inference,0.054396,fp16,623
frame_345,Model_Inference,0.054647,fp16,621
frame_360,Model_Inference,0.044001,fp16,605
frame_375,Model_Inference,0.046144,fp16,594
frame_390,Model_Inference,0.047715,fp16,602
frame_405,Model_Inference,0.067061,fp16,577
frame_420,Model_Inference,0.073241,fp16,553
frame_435,Model_Inference,0.073217,fp16,591
frame_0,Model_Inference,0.063330,fp16,596
frame_20,Model_Inference,0.072302,fp16,635
frame_40,Model_Inference,0.039514,fp16,570
frame_60,Model_Inference,0.045737,fp16,573
frame_80,Model_Inference,0.059548,fp16,592
frame_100,Model_Inference,0.074824,fp16,580
frame_120,Model_Inference,0.074600,fp16,606
frame_140,Model_Inference,0.058105,fp16,610
frame_160,Model_Inference,0.079470,fp16,615
frame_180,Model_Inference,0.069898,fp16,678
frame_200,Model_Inference,0.072000,fp16,657
frame_220,Model_Inference,0.067318,fp16,659
frame_240,Model_Inference,0.059190,fp16,629
frame_260,Model_Inference,0.065850,fp16,665
frame_280,Model_Inference,0.054622,fp16,673
frame_300,Model_Inference,0.066814,fp16,641
frame_320,Model_Inference,0.057691,fp16,641
frame_340,Model_Inference,0.059465,fp16,623
frame_360,Model_Inference,0.070756,fp16,605
frame_380,Model_Inference,0.068572,fp16,627
frame_400,Model_Inference,0.058234,fp16,573
frame_420,Model_Inference,0.061179,fp16,553
frame_440,Model_Inference,0.062050,fp16,583
frame_0,Model_Inference,0.066476,fp16,596
frame_25,Model_Inference,0.055213,fp16,582
frame_50,Model_Inference,0.055951,fp16,588
frame_75,Model_Inference,0.060367,fp16,583
frame_100,Model_Inference,0.052658,fp16,580
frame_125,Model_Inference,0.045875,fp16,615
frame_150,Model_Inference,0.051250,fp16,605
frame_175,Model_Inference,0.073940,fp16,620
frame_200,Model_Inference,0.081975,fp16,657
frame_225,Model_Inference,0.046387,fp16,649
frame_250,Model_Inference,0.065423,fp16,634
frame_275,Model_Inference,0.054743,fp16,637
frame_300,Model_Inference,0.042027,fp16,641
frame_325,Model_Inference,0.063473,fp16,613
frame_350,Model_Inference,0.050548,fp16,587
frame_375,Model_Inference,0.047378,fp16,594
frame_400,Model_Inference,0.063425,fp16,573
frame_425,Model_Inference,0.069725,fp16,538
frame_0,Model_Inference,0.067997,fp16,596
frame_30,Model_Inference,0.061454,fp16,572
frame_60,Model_Inference,0.068661,fp16,573
frame_90,Model_Inference,0.046066,fp16,618
frame_120,Model_Inference,0.062510,fp16,606
frame_150,Model_Inference,0.064535,fp16,605
frame_180,Model_Inference,0.061125,fp16,678
frame_210,Model_Inference,0.065962,fp16,661
frame_240,Model_Inference,0.040552,fp16,629
frame_270,Model_Inference,0.074070,fp16,633
frame_300,Model_Inference,0.073112,fp16,641
frame_330,Model_Inference,0.066806,fp16,623
frame_360,Model_Inference,0.056257,fp16,605
frame_390,Model_Inference,0.069210,fp16,602
frame_420,Model_Inference,0.069799,fp16,553
frame_0,Model_Inference,0.045479,fp16,596
frame_35,Model_Inference,0.052934,fp16,578
frame_70,Model_Inference,0.054924,fp16,618
frame_105,Model_Inference,0.056241,fp16,600
frame_140,Model_Inference,0.056953,fp16,610
frame_175,Model_Inference,0.060009,fp16,620
frame_210,Model_Inference,0.059844,fp16,661
frame_245,Model_Inference,0.063299,fp16,647
frame_280,Model_Inference,0.063231,fp16,673
frame_315,Model_Inference,0.052482,fp16,633
frame_350,Model_Inference,0.059354,fp16,587
frame_385,Model_Inference,0.045021,fp16,635
frame_420,Model_Inference,0.065870,fp16,553
frame_0,Model_Inference,0.066725,fp16,596
frame_40,Model_Inference,0.050100,fp16,570
frame_80,Model_Inference,0.059113,fp16,592
frame_120,Model_Inference,0.071231,fp16,606
frame_160,Model_Inference,0.065591,fp16,615
frame_200,Model_Inference,0.053131,fp16,657
frame_240,Model_Inference,0.043937,fp16,629
frame_280,Model_Inference,0.052033,fp16,673
frame_320,Model_Inference,0.046843,fp16,641
frame_360,Model_Inference,0.043674,fp16,605
frame_400,Model_Inference,0.049627,fp16,573
frame_440,Model_Inference,0.071577,fp16,583
frame_0,Model_Inference,0.063795,fp16,596
frame_45,Model_Inference,0.068299,fp16,584
frame_90,Model_Inference,0.053936,fp16,618
frame_135,Model_Inference,0.053927,fp16,590
frame_180,Model_Inference,0.049348,fp16,678
frame_225,Model_Inference,0.064289,fp16,649
frame_270,Model_Inference,0.057466,fp16,633
frame_315,Model_Inference,0.065535,fp16,633
frame_360,Model_Inference,0.055684,fp16,605
frame_405,Model_Inference,0.064798,fp16,577
frame_0,Model_Inference,0.039801,fp16,596
frame_50,Model_Inference,0.071756,fp16,588
frame_100,Model_Inference,0.057715,fp16,580
frame_150,Model_Inference,0.061358,fp16,605
frame_200,Model_Inference,0.057092,fp16,657
frame_250,Model_Inference,0.057441,fp16,634
frame_300,Model_Inference,0.039748,fp16,641
frame_350,Model_Inference,0.056033,fp16,587
frame_400,Model_Inference,0.067763,fp16,573
frame_0,Model_Inference,0.069661,fp16,596
frame_100,Model_Inference,0.066800,fp16,580
frame_200,Model_Inference,0.046558,fp16,657
frame_300,Model_Inference,0.070634,fp16,641
frame_400,Model_Inference,0.066725,fp16,573
frame_0,Model_Inference,0.047689,fp16,596
frame_200,Model_Inference,0.067511,fp16,657
frame_400,Model_Inference,0.054469,fp16,573
frame_0,Model_Inference,0.062561,fp16,596
2024-07-10_15-48-15,Model_Inference,0.055879,fp16,323
2024-07-10_15-48-15,Model_Inference,0.041907,fp16,323
2024-07-10_15-48-15,Model_Inference,0.045428,fp16,323
2024-07-10_15-48-15,Model_Inference,0.054770,fp16,323
2024-07-10_15-38-54,Model_Inference,0.056676,fp16,448
2024-07-10_15-48-15,Model_Inference,0.045005,fp16,323
2024-07-10_15-38-54,Model_Inference,0.051081,fp16,448
2024-07-10_15-48-15,Model_Inference,0.060484,fp16,323
2024-07-10_15-38-54,Model_Inference,0.067753,fp16,448
2024-07-10_15-48-15,Model_Inference,0.058178,fp16,323
2024-07-10_15-38-54,Model_Inference,0.050289,fp16,448
2024-07-10_15-48-15,Model_Inference,0.057420,fp16,323
2024-07-10_15-38-54,Model_Inference,0.073926,fp16,448
2024-07-10_15-48-15,Model_Inference,0.055707,fp16,323
2024-07-10_15-38-54,Model_Inference,0.150600,fp32,442
2024-07-10_15-48-15,Model_Inference,0.130961,fp32,316
2024-07-10_15-38-54,Model_Inference,0.137237,fp32,442
2024-07-10_15-48-15,Model_Inference,0.125552,fp32,316
2024-07-10_15-38-54,Model_Inference,0.141901,fp32,442
2024-07-10_15-48-15,Model_Inference,0.119755,fp32,316
2024-07-10_15-38-54,Model_Inference,0.136323,fp32,442
2024-07-10_15-48-15,Model_Inference,0.120130,fp32,316
2024-07-10_15-38-54,Model_Inference,0.130550,fp32,442
2024-07-10_15-48-15,Model_Inference,0.134043,fp32,316
2024-07-10_15-38-54,Model_Inference,0.144870,fp32,442
2024-07-10_15-48-15,Model_Inference,0.123203,fp32,316
2024-07-10_15-38-54,Model_Inference,0.136426,fp32,442
2024-07-10_15-48-15,Model_Inference,0.120967,fp32,316
2024-07-10_15-38-54,Model_Inference,0.136550,fp32,442
2024-07-10_15-48-15,Model_Inference,0.128458,fp32,316
2024-07-10_15-38-54,Model_Inference,0.134991,fp32,442
2024-07-10_15-48-15,Model_Inference,0.131688,fp32,316
2024-07-10_15-38-54,Model_Inference,0.143489,fp32,442
2024-07-10_15-48-15,Model_Inference,0.119805,fp32,316
2024-07-10_15-38-54,Model_Inference,0.133317,fp32,442
2024-07-10_15-48-15,Model_Inference,0.140803,fp32,316
frame_0,Model_Inference,0.143209,fp32,540
frame_1,Model_Inference,0.127994,fp32,509
frame_2,Model_Inference,0.121183,fp32,516
frame_3,Model_Inference,0.116921,fp32,534
frame_4,Model_Inference,0.121832,fp32,499
frame_5,Model_Inference,0.127108,fp32,501
frame_6,Model_Inference,0.130355,fp32,512
frame_7,Model_Inference,0.112518,fp32,505
frame_8,Model_Inference,0.119710,fp32,476
frame_9,Model_Inference,0.131816,fp32,514
frame_10,Model_Inference,0.127568,fp32,489
frame_11,Model_Inference,0.119796,fp32,517
frame_12,Model_Inference,0.125440,fp32,503
frame_13,Model_Inference,0.108976,fp32,500
frame_14,Model_Inference,0.119940,fp32,493
frame_15,Model_Inference,0.110633,fp32,485
frame_16,Model_Inference,0.121914,fp32,474
frame_17,Model_Inference,0.119418,fp32,514
frame_18,Model_Inference,0.111730,fp32,470
frame_19,Model_Inference,0.132494,fp32,477
frame_20,Model_Inference,0.122075,fp32,467
frame_21,Model_Inference,0.114996,fp32,484
frame_22,Model_Inference,0.118375,fp32,464
frame_23,Model_Inference,0.112427,fp32,475
frame_24,Model_Inference,0.133246,fp32,508
frame_25,Model_Inference,0.125287,fp32,502
frame_26,Model_Inference,0.117057,fp32,501
frame_27,Model_Inference,0.134893,fp32,481
frame_28,Model_Inference,0.116517,fp32,491
frame_29,Model_Inference,0.138798,fp32,514
frame_30,Model_Inference,0.115888,fp32,481
frame_31,Model_Inference,0.112599,fp32,481
frame_32,Model_Inference,0.135947,fp32,474
frame_33,Model_Inference,0.118692,fp32,479
frame_34,Model_Inference,0.113916,fp32,474
frame_35,Model_Inference,0.117872,fp32,482
frame_36,Model_Inference,0.126875,fp32,497
frame_37,Model_Inference,0.126086,fp32,467
frame_38,Model_Inference,0.132335,fp32,498
frame_39,Model_Inference,0.117682,fp32,494
frame_40,Model_Inference,0.118709,fp32,483
frame_41,Model_Inference,0.115387,fp32,499
frame_42,Model_Inference,0.112270,fp32,467
frame_43,Model_Inference,0.120945,fp32,468
frame_44,Model_Inference,0.110294,fp32,460
frame_45,Model_Inference,0.129395,fp32,469
frame_46,Model_Inference,0.139414,fp32,481
frame_47,Model_Inference,0.131095,fp32,441
frame_48,Model_Inference,0.111418,fp32,444
frame_49,Model_Inference,0.115487,fp32,468
frame_50,Model_Inference,0.121068,fp32,478
frame_51,Model_Inference,0.132201,fp32,464
frame_52,Model_Inference,0.119164,fp32,482
frame_53,Model_Inference,0.134868,fp32,473
frame_54,Model_Inference,0.111307,fp32,472
frame_55,Model_Inference,0.119687,fp32,477
frame_56,Model_Inference,0.112647,fp32,485
frame_57,Model_Inference,0.121312,fp32,490
frame_58,Model_Inference,0.110070,fp32,468
frame_59,Model_Inference,0.114595,fp32,473
frame_60,Model_Inference,0.127637,fp32,483
frame_61,Model_Inference,0.127642,fp32,481
frame_62,Model_Inference,0.117847,fp32,442
frame_63,Model_Inference,0.113624,fp32,472
frame_64,Model_Inference,0.111798,fp32,474
frame_65,Model_Inference,0.117352,fp32,475
frame_66,Model_Inference,0.119813,fp32,480
frame_67,Model_Inference,0.113514,fp32,481
frame_68,Model_Inference,0.114340,fp32,494
frame_69,Model_Inference,0.127134,fp32,472
frame_70,Model_Inference,0.115934,fp32,480
frame_71,Model_Inference,0.128718,fp32,505
frame_72,Model_Inference,0.119559,fp32,495
frame_73,Model_Inference,0.132709,fp32,477
frame_74,Model_Inference,0.136985,fp32,491
frame_75,Model_Inference,0.128757,fp32,514
frame_76,Model_Inference,0.128258,fp32,480
frame_77,Model_Inference,0.112580,fp32,509
frame_78,Model_Inference,0.127376,fp32,507
frame_79,Model_Inference,0.128748,fp32,497
frame_80,Model_Inference,0.119918,fp32,455
frame_81,Model_Inference,0.117696,fp32,489
frame_82,Model_Inference,0.129323,fp32,493
frame_83,Model_Inference,0.125059,fp32,472
frame_84,Model_Inference,0.125339,fp32,472
frame_85,Model_Inference,0.127205,fp32,470
frame_86,Model_Inference,0.137437,fp32,482
frame_87,Model_Inference,0.115789,fp32,458
frame_88,Model_Inference,0.121201,fp32,485
frame_89,Model_Inference,0.114302,fp32,465
frame_90,Model_Inference,0.112903,fp32,487
frame_91,Model_Inference,0.116327,fp32,476
frame_92,Model_Inference,0.131124,fp32,471
frame_93,Model_Inference,0.110332,fp32,484
frame_94,Model_Inference,0.117434,fp32,472
frame_95,Model_Inference,0.115256,fp32,495
frame_96,Model_Inference,0.111450,fp32,477
frame_97,Model_Inference,0.122198,fp32,483
frame_98,Model_Inference,0.117583,fp32,488
frame_99,Model_Inference,0.124429,fp32,501
frame_100,Model_Inference,0.127787,fp32,503
frame_101,Model_Inference,0.110144,fp32,502
frame_102,Model_Inference,0.114225,fp32,496
frame_103,Model_Inference,0.118977,fp32,518
frame_104,Model_Inference,0.120575,fp32,470
frame_105,Model_Inference,0.110041,fp32,506
frame_106,Model_Inference,0.117733,fp32,474
frame_107,Model_Inference,0.118639,fp32,498
frame_108,Model_Inference,0.111694,fp32,485
frame_109,Model_Inference,0.111146,fp32,480
frame_110,Model_Inference,0.128013,fp32,480
frame_111,Model_Inference,0.118230,fp32,489
frame_112,Model_Inference,0.114944,fp32,487
frame_113,Model_Inference,0.127862,fp32,493
frame_114,Model_Inference,0.122031,fp32,474
frame_115,Model_Inference,0.116422,fp32,444
frame_116,Model_Inference,0.120624,fp32,446
frame_117,Model_Inference,0.109973,fp32,460
frame_118,Model_Inference,0.125076,fp32,462
frame_119,Model_Inference,0.115628,fp32,477
frame_120,Model_Inference,0.119580,fp32,494
frame_121,Model_Inference,0.119901,fp32,472
frame_122,Model_Inference,0.134178,fp32,499
frame_123,Model_Inference,0.125754,fp32,456
frame_124,Model_Inference,0.111431,fp32,492
frame_125,Model_Inference,0.113266,fp32,487
frame_126,Model_Inference,0.115456,fp32,471
frame_127,Model_Inference,0.127568,fp32,443
frame_128,Model_Inference,0.112465,fp32,493
frame_129,Model_Inference,0.127884,fp32,476
frame_130,Model_Inference,0.128939,fp32,460
frame_131,Model_Inference,0.119638,fp32,465
frame_132,Model_Inference,0.130971,fp32,456
frame_133,Model_Inference,0.114515,fp32,471
frame_134,Model_Inference,0.120305,fp32,432
frame_135,Model_Inference,0.126282,fp32,465
frame_136,Model_Inference,0.121876,fp32,442
frame_137,Model_Inference,0.127629,fp32,489
frame_138,Model_Inference,0.143045,fp32,424
frame_139,Model_Inference,0.110852,fp32,449
frame_140,Model_Inference,0.142436,fp32,436
frame_141,Model_Inference,0.134376,fp32,454
frame_142,Model_Inference,0.117713,fp32,428
frame_143,Model_Inference,0.135226,fp32,454
frame_144,Model_Inference,0.126712,fp32,423
frame_145,Model_Inference,0.110292,fp32,425
frame_146,Model_Inference,0.123311,fp32,428
frame_147,Model_Inference,0.136404,fp32,443
frame_148,Model_Inference,0.131477,fp32,430
frame_149,Model_Inference,0.110537,fp32,440
frame_150,Model_Inference,0.112465,fp32,393
frame_151,Model_Inference,0.132481,fp32,447
frame_152,Model_Inference,0.118178,fp32,424
frame_153,Model_Inference,0.124868,fp32,403
frame_154,Model_Inference,0.124298,fp32,438
frame_155,Model_Inference,0.124022,fp32,406
frame_156,Model_Inference,0.117911,fp32,415
frame_157,Model_Inference,0.115891,fp32,431
frame_158,Model_Inference,0.121132,fp32,414
frame_159,Model_Inference,0.116807,fp32,416
frame_160,Model_Inference,0.111787,fp32,422
frame_161,Model_Inference,0.115251,fp32,412
frame_162,Model_Inference,0.110855,fp32,404
frame_163,Model_Inference,0.119182,fp32,396
frame_164,Model_Inference,0.117681,fp32,393
frame_165,Model_Inference,0.113288,fp32,410
frame_166,Model_Inference,0.134799,fp32,397
frame_167,Model_Inference,0.124797,fp32,399
frame_168,Model_Inference,0.123881,fp32,440
frame_169,Model_Inference,0.113879,fp32,414
frame_170,Model_Inference,0.127069,fp32,456
frame_171,Model_Inference,0.129759,fp32,416
frame_172,Model_Inference,0.111483,fp32,422
frame_173,Model_Inference,0.121702,fp32,402
frame_174,Model_Inference,0.141368,fp32,439
frame_175,Model_Inference,0.134519,fp32,407
frame_176,Model_Inference,0.129881,fp32,397
frame_177,Model_Inference,0.122947,fp32,411
frame_178,Model_Inference,0.137822,fp32,400
frame_179,Model_Inference,0.118556,fp32,408
frame_180,Model_Inference,0.122384,fp32,421
frame_181,Model_Inference,0.137140,fp32,412
frame_182,Model_Inference,0.124582,fp32,453
frame_183,Model_Inference,0.117427,fp32,418
frame_184,Model_Inference,0.122898,fp32,447
frame_185,Model_Inference,0.123984,fp32,388
frame_186,Model_Inference,0.112349,fp32,426
frame_187,Model_Inference,0.116349,fp32,436
frame_188,Model_Inference,0.127351,fp32,447
frame_189,Model_Inference,0.110266,fp32,432
frame_190,Model_Inference,0.110132,fp32,436
frame_191,Model_Inference,0.111765,fp32,443
frame_192,Model_Inference,0.124607,fp32,449
frame_193,Model_Inference,0.119179,fp32,436
frame_194,Model_Inference,0.131373,fp32,431
frame_195,Model_Inference,0.127299,fp32,451
frame_196,Model_Inference,0.129335,fp32,431
frame_197,Model_Inference,0.122846,fp32,432
frame_198,Model_Inference,0.110978,fp32,396
frame_199,Model_Inference,0.111975,fp32,428
frame_200,Model_Inference,0.115328,fp32,410
frame_201,Model_Inference,0.115012,fp32,430
frame_202,Model_Inference,0.135222,fp32,400
frame_203,Model_Inference,0.125885,fp32,414
frame_204,Model_Inference,0.115427,fp32,434
frame_205,Model_Inference,0.112608,fp32,432
frame_206,Model_Inference,0.117939,fp32,415
frame_207,Model_Inference,0.121006,fp32,399
frame_208,Model_Inference,0.140139,fp32,391
frame_209,Model_Inference,0.133521,fp32,416
frame_210,Model_Inference,0.110308,fp32,437
frame_211,Model_Inference,0.124853,fp32,442
frame_212,Model_Inference,0.129002,fp32,451
frame_213,Model_Inference,0.128883,fp32,442
frame_214,Model_Inference,0.116046,fp32,418
frame_215,Model_Inference,0.123976,fp32,427
frame_216,Model_Inference,0.131457,fp32,422
frame_217,Model_Inference,0.121130,fp32,423
frame_218,Model_Inference,0.131023,fp32,391
frame_219,Model_Inference,0.119933,fp32,438
frame_220,Model_Inference,0.123799,fp32,437
frame_221,Model_Inference,0.121131,fp32,428
frame_222,Model_Inference,0.114317,fp32,426
frame_223,Model_Inference,0.121884,fp32,431
frame_224,Model_Inference,0.135158,fp32,436
frame_225,Model_Inference,0.140664,fp32,424
frame_226,Model_Inference,0.129976,fp32,449
frame_227,Model_Inference,0.132144,fp32,420
frame_228,Model_Inference,0.118103,fp32,476
frame_229,Model_Inference,0.114654,fp32,427
frame_230,Model_Inference,0.109346,fp32,443
frame_231,Model_Inference,0.120683,fp32,429
frame_232,Model_Inference,0.148283,fp32,445
frame_233,Model_Inference,0.125550,fp32,428
frame_234,Model_Inference,0.121335,fp32,430
frame_235,Model_Inference,0.127562,fp32,437
frame_236,Model_Inference,0.115830,fp32,447
frame_237,Model_Inference,0.126938,fp32,438
frame_238,Model_Inference,0.112114,fp32,427
frame_239,Model_Inference,0.114310,fp32,438
frame_240,Model_Inference,0.123335,fp32,450
frame_241,Model_Inference,0.129434,fp32,460
frame_242,Model_Inference,0.121237,fp32,445
frame_243,Model_Inference,0.134325,fp32,440
frame_244,Model_Inference,0.118300,fp32,450
frame_245,Model_Inference,0.111112,fp32,462
frame_246,Model_Inference,0.125592,fp32,428
frame_247,Model_Inference,0.133139,fp32,431
frame_248,Model_Inference,0.125199,fp32,477
frame_249,Model_Inference,0.116777,fp32,435
frame_250,Model_Inference,0.124407,fp32,445
frame_251,Model_Inference,0.123367,fp32,445
frame_252,Model_Inference,0.144539,fp32,414
frame_253,Model_Inference,0.122958,fp32,398
frame_254,Model_Inference,0.116850,fp32,444
frame_255,Model_Inference,0.114450,fp32,437
frame_256,Model_Inference,0.131571,fp32,426
frame_257,Model_Inference,0.130979,fp32,456
frame_258,Model_Inference,0.130121,fp32,443
frame_259,Model_Inference,0.114213,fp32,461
frame_260,Model_Inference,0.111208,fp32,443
frame_261,Model_Inference,0.120761,fp32,447
frame_262,Model_Inference,0.131556,fp32,436
frame_263,Model_Inference,0.109447,fp32,432
frame_264,Model_Inference,0.130416,fp32,451
frame_265,Model_Inference,0.113642,fp32,427
frame_266,Model_Inference,0.122768,fp32,453
frame_267,Model_Inference,0.135818,fp32,456
frame_268,Model_Inference,0.116956,fp32,425
frame_269,Model_Inference,0.131532,fp32,446
frame_270,Model_Inference,0.116484,fp32,446
frame_271,Model_Inference,0.122724,fp32,459
frame_272,Model_Inference,0.118975,fp32,420
frame_273,Model_Inference,0.115225,fp32,430
frame_274,Model_Inference,0.122508,fp32,440
frame_275,Model_Inference,0.119718,fp32,432
frame_276,Model_Inference,0.113300,fp32,457
frame_277,Model_Inference,0.110116,fp32,456
frame_278,Model_Inference,0.114888,fp32,450
frame_279,Model_Inference,0.124262,fp32,429
frame_280,Model_Inference,0.110205,fp32,480
frame_281,Model_Inference,0.124221,fp32,432
frame_282,Model_Inference,0.114525,fp32,400
frame_283,Model_Inference,0.112073,fp32,439
frame_284,Model_Inference,0.119808,fp32,419
frame_285,Model_Inference,0.119114,fp32,418
frame_286,Model_Inference,0.128750,fp32,388
frame_287,Model_Inference,0.135787,fp32,429
frame_288,Model_Inference,0.119265,fp32,381
frame_289,Model_Inference,0.121255,fp32,427
frame_290,Model_Inference,0.110455,fp32,420
frame_291,Model_Inference,0.115982,fp32,431
frame_292,Model_Inference,0.123179,fp32,403
frame_293,Model_Inference,0.122075,fp32,417
frame_294,Model_Inference,0.116247,fp32,404
frame_295,Model_Inference,0.130625,fp32,446
frame_296,Model_Inference,0.117690,fp32,409
frame_297,Model_Inference,0.140132,fp32,418
frame_298,Model_Inference,0.121254,fp32,416
frame_299,Model_Inference,0.128552,fp32,403
frame_300,Model_Inference,0.126184,fp32,471
frame_301,Model_Inference,0.126490,fp32,439
frame_302,Model_Inference,0.115611,fp32,460
frame_303,Model_Inference,0.113899,fp32,420
frame_304,Model_Inference,0.117133,fp32,462
frame_305,Model_Inference,0.121881,fp32,419
frame_306,Model_Inference,0.111277,fp32,397
frame_307,Model_Inference,0.123232,fp32,468
frame_308,Model_Inference,0.115495,fp32,441
frame_309,Model_Inference,0.124318,fp32,459
frame_310,Model_Inference,0.117546,fp32,459
frame_311,Model_Inference,0.113346,fp32,417
frame_312,Model_Inference,0.119551,fp32,466
frame_313,Model_Inference,0.138282,fp32,435
frame_314,Model_Inference,0.113085,fp32,424
frame_315,Model_Inference,0.120955,fp32,426
frame_316,Model_Inference,0.118689,fp32,438
frame_317,Model_Inference,0.129571,fp32,459
frame_318,Model_Inference,0.110230,fp32,477
frame_319,Model_Inference,0.115586,fp32,448
frame_320,Model_Inference,0.116884,fp32,470
frame_321,Model_Inference,0.130311,fp32,473
frame_322,Model_Inference,0.126408,fp32,522
frame_323,Model_Inference,0.114647,fp32,493
frame_324,Model_Inference,0.114827,fp32,477
frame_325,Model_Inference,0.125294,fp32,474
frame_326,Model_Inference,0.134739,fp32,454
frame_327,Model_Inference,0.123300,fp32,508
frame_328,Model_Inference,0.123195,fp32,496
frame_329,Model_Inference,0.111330,fp32,532
frame_330,Model_Inference,0.132701,fp32,527
frame_331,Model_Inference,0.114660,fp32,520
frame_332,Model_Inference,0.135757,fp32,508
frame_333,Model_Inference,0.134722,fp32,522
frame_334,Model_Inference,0.111863,fp32,544
frame_335,Model_Inference,0.126600,fp32,529
frame_336,Model_Inference,0.135335,fp32,618
frame_337,Model_Inference,0.118576,fp32,554
frame_338,Model_Inference,0.135454,fp32,583
frame_339,Model_Inference,0.128291,fp32,585
frame_340,Model_Inference,0.124059,fp32,586
frame_341,Model_Inference,0.117979,fp32,591
frame_342,Model_Inference,0.124234,fp32,586
frame_343,Model_Inference,0.112025,fp32,602
frame_344,Model_Inference,0.114532,fp32,588
frame_345,Model_Inference,0.126949,fp32,595
frame_346,Model_Inference,0.121771,fp32,559
frame_347,Model_Inference,0.127016,fp32,563
frame_348,Model_Inference,0.135013,fp32,582
frame_349,Model_Inference,0.119939,fp32,627
frame_350,Model_Inference,0.111694,fp32,594
frame_351,Model_Inference,0.122836,fp32,580
frame_352,Model_Inference,0.119056,fp32,600
frame_353,Model_Inference,0.125389,fp32,518
frame_354,Model_Inference,0.114961,fp32,534
frame_355,Model_Inference,0.121653,fp32,554
frame_356,Model_Inference,0.117235,fp32,517
frame_357,Model_Inference,0.131930,fp32,530
frame_358,Model_Inference,0.121782,fp32,489
frame_359,Model_Inference,0.126562,fp32,510
frame_360,Model_Inference,0.118732,fp32,535
frame_361,Model_Inference,0.123130,fp32,551
frame_362,Model_Inference,0.110379,fp32,575
frame_363,Model_Inference,0.137128,fp32,587
frame_364,Model_Inference,0.117080,fp32,595
frame_365,Model_Inference,0.125460,fp32,580
frame_366,Model_Inference,0.116051,fp32,563
frame_367,Model_Inference,0.133553,fp32,530
frame_368,Model_Inference,0.110438,fp32,613
frame_369,Model_Inference,0.143827,fp32,588
frame_370,Model_Inference,0.118870,fp32,545
frame_371,Model_Inference,0.131698,fp32,565
frame_372,Model_Inference,0.118493,fp32,593
frame_373,Model_Inference,0.130122,fp32,583
frame_374,Model_Inference,0.127835,fp32,597
frame_375,Model_Inference,0.111684,fp32,574
frame_376,Model_Inference,0.122956,fp32,566
frame_377,Model_Inference,0.133617,fp32,528
frame_378,Model_Inference,0.114640,fp32,524
frame_379,Model_Inference,0.116372,fp32,519
frame_380,Model_Inference,0.120090,fp32,552
frame_381,Model_Inference,0.128263,fp32,570
frame_382,Model_Inference,0.110220,fp32,547
frame_383,Model_Inference,0.115764,fp32,575
frame_384,Model_Inference,0.126986,fp32,499
frame_385,Model_Inference,0.115387,fp32,570
frame_386,Model_Inference,0.117498,fp32,497
frame_387,Model_Inference,0.120492,fp32,530
frame_388,Model_Inference,0.117495,fp32,503
frame_389,Model_Inference,0.123169,fp32,582
frame_390,Model_Inference,0.126408,fp32,589
frame_391,Model_Inference,0.114770,fp32,572
frame_392,Model_Inference,0.123152,fp32,586
frame_393,Model_Inference,0.133824,fp32,602
frame_394,Model_Inference,0.121276,fp32,638
frame_395,Model_Inference,0.124160,fp32,553
frame_396,Model_Inference,0.122693,fp32,570
frame_397,Model_Inference,0.125118,fp32,606
frame_398,Model_Inference,0.118858,fp32,620
frame_399,Model_Inference,0.113893,fp32,601
frame_400,Model_Inference,0.123595,fp32,587
frame_401,Model_Inference,0.126610,fp32,596
frame_402,Model_Inference,0.120919,fp32,557
frame_403,Model_Inference,0.125404,fp32,583
frame_404,Model_Inference,0.131315,fp32,608
frame_405,Model_Inference,0.127714,fp32,591
frame_406,Model_Inference,0.115719,fp32,563
frame_407,Model_Inference,0.120912,fp32,578
frame_408,Model_Inference,0.111632,fp32,572
frame_409,Model_Inference,0.121017,fp32,574
frame_410,Model_Inference,0.134300,fp32,611
frame_411,Model_Inference,0.121458,fp32,567
frame_412,Model_Inference,0.115317,fp32,569
frame_413,Model_Inference,0.129796,fp32,629
frame_414,Model_Inference,0.110266,fp32,620
frame_415,Model_Inference,0.112213,fp32,621
frame_416,Model_Inference,0.119638,fp32,636
frame_417,Model_Inference,0.118549,fp32,663
frame_418,Model_Inference,0.118560,fp32,629
frame_419,Model_Inference,0.120554,fp32,640
frame_420,Model_Inference,0.128745,fp32,601
frame_421,Model_Inference,0.133075,fp32,644
frame_422,Model_Inference,0.116273,fp32,623
frame_423,Model_Inference,0.125252,fp32,605
frame_424,Model_Inference,0.125235,fp32,613
frame_425,Model_Inference,0.121968,fp32,619
frame_426,Model_Inference,0.110039,fp32,602
frame_427,Model_Inference,0.126288,fp32,592
frame_428,Model_Inference,0.112860,fp32,596
frame_429,Model_Inference,0.121494,fp32,563
frame_430,Model_Inference,0.121456,fp32,598
frame_431,Model_Inference,0.116314,fp32,572
frame_432,Model_Inference,0.119734,fp32,570
frame_433,Model_Inference,0.123549,fp32,590
frame_434,Model_Inference,0.110238,fp32,583
frame_435,Model_Inference,0.139983,fp32,582
frame_436,Model_Inference,0.109967,fp32,550
frame_437,Model_Inference,0.127371,fp32,563
frame_438,Model_Inference,0.111253,fp32,581
frame_439,Model_Inference,0.127275,fp32,571
frame_440,Model_Inference,0.118309,fp32,592
frame_441,Model_Inference,0.129629,fp32,579
frame_442,Model_Inference,0.116631,fp32,526
frame_443,Model_Inference,0.123016,fp32,548
frame_444,Model_Inference,0.123557,fp32,548
frame_445,Model_Inference,0.116888,fp32,552
frame_446,Model_Inference,0.127683,fp32,576
frame_447,Model_Inference,0.124640,fp32,581
frame_448,Model_Inference,0.115983,fp32,621
frame_449,Model_Inference,0.125768,fp32,606
frame_450,Model_Inference,0.114139,fp32,624
frame_451,Model_Inference,0.120154,fp32,621
frame_452,Model_Inference,0.110357,fp32,610
frame_453,Model_Inference,0.116483,fp32,592
frame_454,Model_Inference,0.133232,fp32,605
frame_455,Model_Inference,0.119132,fp32,547
frame_456,Model_Inference,0.134484,fp32,606
frame_457,Model_Inference,0.124661,fp32,578
frame_458,Model_Inference,0.121666,fp32,589
frame_459,Model_Inference,0.118109,fp32,580
frame_460,Model_Inference,0.115852,fp32,542
frame_461,Model_Inference,0.143265,fp32,598
frame_462,Model_Inference,0.111149,fp32,557
frame_463,Model_Inference,0.117352,fp32,587
frame_464,Model_Inference,0.117450,fp32,584
frame_465,Model_Inference,0.120280,fp32,586
frame_466,Model_Inference,0.122367,fp32,557
frame_467,Model_Inference,0.116036,fp32,520
frame_468,Model_Inference,0.126499,fp32,579
frame_469,Model_Inference,0.112739,fp32,578
frame_470,Model_Inference,0.119525,fp32,553
frame_471,Model_Inference,0.137208,fp32,578
frame_472,Model_Inference,0.111507,fp32,603
frame_473,Model_Inference,0.127307,fp32,579
frame_474,Model_Inference,0.110100,fp32,565
frame_475,Model_Inference,0.121033,fp32,598
frame_476,Model_Inference,0.119219,fp32,572
frame_477,Model_Inference,0.128532,fp32,588
frame_478,Model_Inference,0.110306,fp32,576
frame_479,Model_Inference,0.118441,fp32,581
frame_480,Model_Inference,0.136429,fp32,599
frame_481,Model_Inference,0.116719,fp32,590
frame_482,Model_Inference,0.129144,fp32,591
frame_483,Model_Inference,0.124500,fp32,603
frame_484,Model_Inference,0.127082,fp32,598
frame_485,Model_Inference,0.119196,fp32,594
frame_486,Model_Inference,0.124649,fp32,570
frame_487,Model_Inference,0.116555,fp32,592
frame_488,Model_Inference,0.116331,fp32,602
frame_489,Model_Inference,0.129300,fp32,607
frame_490,Model_Inference,0.115525,fp32,583
frame_491,Model_Inference,0.125449,fp32,567
frame_492,Model_Inference,0.142565,fp32,541
frame_493,Model_Inference,0.110955,fp32,548
frame_494,Model_Inference,0.126145,fp32,533
frame_495,Model_Inference,0.124305,fp32,555
frame_496,Model_Inference,0.114086,fp32,556
frame_497,Model_Inference,0.127733,fp32,540
frame_498,Model_Inference,0.120986,fp32,549
frame_499,Model_Inference,0.120379,fp32,560
frame_500,Model_Inference,0.138655,fp32,547
frame_501,Model_Inference,0.118099,fp32,573
frame_502,Model_Inference,0.128797,fp32,577
frame_503,Model_Inference,0.122170,fp32,563
frame_504,Model_Inference,0.120568,fp32,586
frame_505,Model_Inference,0.120055,fp32,573
frame_506,Model_Inference,0.125183,fp32,568
frame_507,Model_Inference,0.113059,fp32,580
frame_508,Model_Inference,0.133193,fp32,547
frame_509,Model_Inference,0.127026,fp32,566
frame_510,Model_Inference,0.122500,fp32,565
frame_511,Model_Inference,0.151921,fp32,598
frame_512,Model_Inference,0.114986,fp32,598
frame_513,Model_Inference,0.122312,fp32,591
frame_514,Model_Inference,0.136853,fp32,625
frame_515,Model_Inference,0.114842,fp32,581
frame_516,Model_Inference,0.116265,fp32,598
frame_517,Model_Inference,0.125063,fp32,563
frame_518,Model_Inference,0.126695,fp32,591
frame_519,Model_Inference,0.121935,fp32,598
frame_520,Model_Inference,0.123254,fp32,603
frame_521,Model_Inference,0.110315,fp32,570
frame_522,Model_Inference,0.130037,fp32,593
frame_523,Model_Inference,0.111519,fp32,586
frame_524,Model_Inference,0.133529,fp32,572
frame_525,Model_Inference,0.137254,fp32,603
frame_526,Model_Inference,0.128247,fp32,613
frame_527,Model_Inference,0.116908,fp32,632
frame_528,Model_Inference,0.118132,fp32,608
frame_529,Model_Inference,0.114102,fp32,601
frame_530,Model_Inference,0.129047,fp32,612
frame_531,Model_Inference,0.126758,fp32,609
frame_532,Model_Inference,0.119775,fp32,614
frame_533,Model_Inference,0.111739,fp32,619
frame_534,Model_Inference,0.116191,fp32,619
frame_535,Model_Inference,0.111979,fp32,619
frame_536,Model_Inference,0.113998,fp32,603
frame_537,Model_Inference,0.115254,fp32,640
frame_538,Model_Inference,0.129460,fp32,630
frame_539,Model_Inference,0.116295,fp32,651
frame_540,Model_Inference,0.110429,fp32,642
frame_541,Model_Inference,0.111504,fp32,640
frame_542,Model_Inference,0.135075,fp32,665
frame_543,Model_Inference,0.114652,fp32,649
frame_544,Model_Inference,0.115910,fp32,657
frame_545,Model_Inference,0.141469,fp32,688
frame_546,Model_Inference,0.112536,fp32,658
frame_547,Model_Inference,0.125567,fp32,637
frame_548,Model_Inference,0.132902,fp32,652
frame_549,Model_Inference,0.127021,fp32,641
frame_550,Model_Inference,0.117874,fp32,640
frame_551,Model_Inference,0.113397,fp32,655
frame_552,Model_Inference,0.111098,fp32,654
frame_553,Model_Inference,0.125647,fp32,646
frame_554,Model_Inference,0.115369,fp32,667
frame_555,Model_Inference,0.125894,fp32,672
frame_556,Model_Inference,0.118802,fp32,647
frame_557,Model_Inference,0.110449,fp32,661
frame_558,Model_Inference,0.125685,fp32,675
frame_559,Model_Inference,0.111606,fp32,657
frame_560,Model_Inference,0.116675,fp32,633
frame_561,Model_Inference,0.121913,fp32,625
frame_562,Model_Inference,0.111767,fp32,639
frame_563,Model_Inference,0.115895,fp32,613
frame_564,Model_Inference,0.126189,fp32,635
frame_565,Model_Inference,0.114722,fp32,634
frame_566,Model_Inference,0.130757,fp32,660
frame_567,Model_Inference,0.124705,fp32,673
frame_568,Model_Inference,0.118285,fp32,640
frame_569,Model_Inference,0.115945,fp32,684
frame_570,Model_Inference,0.119948,fp32,650
frame_571,Model_Inference,0.130180,fp32,622
frame_572,Model_Inference,0.120503,fp32,616
frame_573,Model_Inference,0.114689,fp32,594
frame_574,Model_Inference,0.113660,fp32,588
frame_575,Model_Inference,0.124698,fp32,628
frame_576,Model_Inference,0.113077,fp32,641
frame_577,Model_Inference,0.112880,fp32,663
frame_578,Model_Inference,0.121932,fp32,666
frame_579,Model_Inference,0.127902,fp32,611
frame_580,Model_Inference,0.121250,fp32,630
frame_581,Model_Inference,0.110212,fp32,624
frame_582,Model_Inference,0.123259,fp32,620
frame_583,Model_Inference,0.119552,fp32,645
frame_584,Model_Inference,0.118766,fp32,640
frame_585,Model_Inference,0.128249,fp32,620
frame_586,Model_Inference,0.112724,fp32,618
frame_587,Model_Inference,0.118070,fp32,626
frame_588,Model_Inference,0.128984,fp32,610
frame_589,Model_Inference,0.117231,fp32,626
frame_590,Model_Inference,0.126809,fp32,609
frame_591,Model_Inference,0.121488,fp32,624
frame_592,Model_Inference,0.113319,fp32,651
frame_593,Model_Inference,0.122449,fp32,623
frame_594,Model_Inference,0.113556,fp32,637
frame_595,Model_Inference,0.116301,fp32,640
frame_596,Model_Inference,0.110127,fp32,652
frame_597,Model_Inference,0.119813,fp32,624
frame_598,Model_Inference,0.115559,fp32,678
frame_599,Model_Inference,0.124112,fp32,661
frame_600,Model_Inference,0.136615,fp32,647
frame_601,Model_Inference,0.110148,fp32,649
frame_602,Model_Inference,0.114457,fp32,628
frame_603,Model_Inference,0.136855,fp32,644
frame_604,Model_Inference,0.129216,fp32,674
frame_605,Model_Inference,0.134122,fp32,665
frame_606,Model_Inference,0.125819,fp32,654
frame_607,Model_Inference,0.121698,fp32,658
frame_608,Model_Inference,0.132980,fp32,639
frame_609,Model_Inference,0.113531,fp32,646
frame_610,Model_Inference,0.110216,fp32,623
frame_611,Model_Inference,0.128361,fp32,641
frame_612,Model_Inference,0.120569,fp32,631
frame_613,Model_Inference,0.114947,fp32,643
frame_614,Model_Inference,0.111595,fp32,668
frame_615,Model_Inference,0.132168,fp32,639
frame_616,Model_Inference,0.115667,fp32,665
frame_617,Model_Inference,0.124866,fp32,648
frame_618,Model_Inference,0.120197,fp32,634
frame_619,Model_Inference,0.127549,fp32,650
frame_620,Model_Inference,0.137719,fp32,655
frame_621,Model_Inference,0.121986,fp32,701
frame_622,Model_Inference,0.123925,fp32,682
frame_623,Model_Inference,0.121119,fp32,643
frame_624,Model_Inference,0.128333,fp32,677
frame_625,Model_Inference,0.111176,fp32,710
frame_626,Model_Inference,0.120926,fp32,655
frame_627,Model_Inference,0.114673,fp32,650
frame_628,Model_Inference,0.127525,fp32,682
frame_629,Model_Inference,0.122895,fp32,618
frame_630,Model_Inference,0.135055,fp32,652
frame_631,Model_Inference,0.113637,fp32,673
frame_632,Model_Inference,0.118709,fp32,653
frame_633,Model_Inference,0.130186,fp32,675
frame_634,Model_Inference,0.110202,fp32,678
frame_635,Model_Inference,0.112877,fp32,661
frame_636,Model_Inference,0.115096,fp32,677
frame_637,Model_Inference,0.116183,fp32,651
frame_638,Model_Inference,0.128035,fp32,650
frame_639,Model_Inference,0.129429,fp32,664
frame_640,Model_Inference,0.136350,fp32,668
frame_641,Model_Inference,0.121863,fp32,669
frame_642,Model_Inference,0.124128,fp32,674
frame_643,Model_Inference,0.119955,fp32,661
frame_644,Model_Inference,0.115215,fp32,675
frame_645,Model_Inference,0.118461,fp32,650
frame_646,Model_Inference,0.115095,fp32,645
frame_647,Model_Inference,0.122134,fp32,636
frame_648,Model_Inference,0.121139,fp32,668
frame_649,Model_Inference,0.122618,fp32,677
frame_650,Model_Inference,0.117671,fp32,660
frame_651,Model_Inference,0.134680,fp32,638
frame_652,Model_Inference,0.112170,fp32,655
frame_653,Model_Inference,0.125239,fp32,651
frame_654,Model_Inference,0.122553,fp32,669
frame_655,Model_Inference,0.121416,fp32,634
frame_656,Model_Inference,0.110852,fp32,652
frame_657,Model_Inference,0.141281,fp32,657
frame_658,Model_Inference,0.116061,fp32,665
frame_659,Model_Inference,0.119178,fp32,651
frame_660,Model_Inference,0.128577,fp32,649
frame_661,Model_Inference,0.119774,fp32,673
frame_662,Model_Inference,0.120955,fp32,655
frame_663,Model_Inference,0.110866,fp32,657
frame_664,Model_Inference,0.120458,fp32,687
frame_665,Model_Inference,0.129005,fp32,686
frame_666,Model_Inference,0.126042,fp32,656
frame_667,Model_Inference,0.119966,fp32,653
frame_668,Model_Inference,0.127588,fp32,673
frame_669,Model_Inference,0.110327,fp32,669
frame_670,Model_Inference,0.133963,fp32,665
frame_671,Model_Inference,0.116908,fp32,645
frame_672,Model_Inference,0.137892,fp32,635
frame_673,Model_Inference,0.116971,fp32,649
frame_674,Model_Inference,0.121854,fp32,621
frame_675,Model_Inference,0.122094,fp32,644
frame_676,Model_Inference,0.126834,fp32,627
frame_677,Model_Inference,0.126593,fp32,649
frame_678,Model_Inference,0.124010,fp32,618
frame_679,Model_Inference,0.134097,fp32,598
frame_680,Model_Inference,0.120527,fp32,635
frame_681,Model_Inference,0.119623,fp32,647
frame_682,Model_Inference,0.117195,fp32,623
frame_683,Model_Inference,0.123320,fp32,661
frame_684,Model_Inference,0.130244,fp32,663
frame_685,Model_Inference,0.119309,fp32,634
frame_686,Model_Inference,0.120394,fp32,619
frame_687,Model_Inference,0.124939,fp32,640
frame_688,Model_Inference,0.114660,fp32,630
frame_689,Model_Inference,0.113388,fp32,638
frame_690,Model_Inference,0.110294,fp32,615
frame_691,Model_Inference,0.124990,fp32,617
frame_692,Model_Inference,0.118664,fp32,619
frame_693,Model_Inference,0.126254,fp32,625
frame_694,Model_Inference,0.119259,fp32,622
frame_695,Model_Inference,0.126597,fp32,606
frame_696,Model_Inference,0.149425,fp32,603
frame_697,Model_Inference,0.117453,fp32,638
frame_698,Model_Inference,0.120980,fp32,630
frame_699,Model_Inference,0.128145,fp32,645
frame_700,Model_Inference,0.126050,fp32,630
frame_701,Model_Inference,0.120734,fp32,632
frame_702,Model_Inference,0.140180,fp32,626
frame_703,Model_Inference,0.125761,fp32,606
frame_704,Model_Inference,0.135405,fp32,640
frame_705,Model_Inference,0.127485,fp32,640
frame_706,Model_Inference,0.125683,fp32,662
frame_707,Model_Inference,0.125065,fp32,664
frame_708,Model_Inference,0.110393,fp32,655
frame_709,Model_Inference,0.129812,fp32,659
frame_710,Model_Inference,0.120885,fp32,670
frame_711,Model_Inference,0.124035,fp32,654
frame_712,Model_Inference,0.134371,fp32,650
frame_713,Model_Inference,0.127065,fp32,658
frame_714,Model_Inference,0.123785,fp32,654
frame_715,Model_Inference,0.122844,fp32,656
frame_716,Model_Inference,0.115758,fp32,652
frame_717,Model_Inference,0.128243,fp32,646
frame_718,Model_Inference,0.119075,fp32,646
frame_719,Model_Inference,0.111561,fp32,657
frame_720,Model_Inference,0.126014,fp32,637
frame_721,Model_Inference,0.124183,fp32,637
frame_722,Model_Inference,0.116947,fp32,636
frame_723,Model_Inference,0.134759,fp32,622
frame_724,Model_Inference,0.116385,fp32,642
frame_725,Model_Inference,0.125230,fp32,650
frame_726,Model_Inference,0.123086,fp32,630
frame_727,Model_Inference,0.126116,fp32,627
frame_728,Model_Inference,0.130627,fp32,612
frame_729,Model_Inference,0.117120,fp32,656
frame_730,Model_Inference,0.123474,fp32,627
frame_731,Model_Inference,0.117971,fp32,634
frame_732,Model_Inference,0.125394,fp32,645
frame_733,Model_Inference,0.118895,fp32,643
frame_734,Model_Inference,0.121363,fp32,636
frame_735,Model_Inference,0.121107,fp32,613
frame_736,Model_Inference,0.113603,fp32,624
frame_737,Model_Inference,0.126806,fp32,642
frame_738,Model_Inference,0.133199,fp32,638
frame_739,Model_Inference,0.125028,fp32,594
frame_740,Model_Inference,0.116579,fp32,628
frame_741,Model_Inference,0.133470,fp32,619
frame_742,Model_Inference,0.130610,fp32,633
frame_743,Model_Inference,0.118506,fp32,626
frame_744,Model_Inference,0.123334,fp32,603
frame_745,Model_Inference,0.123566,fp32,607
frame_746,Model_Inference,0.123498,fp32,595
frame_747,Model_Inference,0.126622,fp32,628
frame_748,Model_Inference,0.122619,fp32,617
frame_749,Model_Inference,0.110213,fp32,623
frame_750,Model_Inference,0.121021,fp32,634
frame_751,Model_Inference,0.127380,fp32,626
frame_752,Model_Inference,0.125065,fp32,654
frame_753,Model_Inference,0.111905,fp32,647
frame_754,Model_Inference,0.132796,fp32,618
frame_755,Model_Inference,0.129244,fp32,624
frame_756,Model_Inference,0.127282,fp32,620
frame_757,Model_Inference,0.114266,fp32,627
frame_758,Model_Inference,0.129935,fp32,629
frame_759,Model_Inference,0.128604,fp32,641
frame_760,Model_Inference,0.133943,fp32,648
frame_761,Model_Inference,0.119238,fp32,621
frame_762,Model_Inference,0.130429,fp32,625
frame_763,Model_Inference,0.120491,fp32,632
frame_764,Model_Inference,0.120834,fp32,613
frame_765,Model_Inference,0.110404,fp32,621
frame_766,Model_Inference,0.110250,fp32,635
frame_767,Model_Inference,0.128220,fp32,655
frame_768,Model_Inference,0.115855,fp32,621
frame_769,Model_Inference,0.120483,fp32,621
frame_770,Model_Inference,0.120039,fp32,641
frame_771,Model_Inference,0.111720,fp32,635
frame_772,Model_Inference,0.123824,fp32,642
frame_773,Model_Inference,0.137678,fp32,623
frame_774,Model_Inference,0.133205,fp32,627
frame_775,Model_Inference,0.125009,fp32,604
frame_776,Model_Inference,0.139916,fp32,635
frame_777,Model_Inference,0.112198,fp32,615
frame_778,Model_Inference,0.129219,fp32,616
frame_779,Model_Inference,0.125296,fp32,613
frame_780,Model_Inference,0.129006,fp32,609
frame_781,Model_Inference,0.113226,fp32,618
frame_782,Model_Inference,0.118834,fp32,608
frame_783,Model_Inference,0.116982,fp32,601
frame_784,Model_Inference,0.109257,fp32,593
frame_785,Model_Inference,0.127276,fp32,598
frame_786,Model_Inference,0.112873,fp32,601
frame_787,Model_Inference,0.120681,fp32,557
frame_788,Model_Inference,0.127289,fp32,575
frame_789,Model_Inference,0.129186,fp32,580
frame_790,Model_Inference,0.112874,fp32,555
frame_791,Model_Inference,0.113505,fp32,582
frame_792,Model_Inference,0.121529,fp32,586
frame_793,Model_Inference,0.120421,fp32,586
frame_794,Model_Inference,0.126920,fp32,590
frame_795,Model_Inference,0.121553,fp32,578
frame_796,Model_Inference,0.110610,fp32,606
frame_797,Model_Inference,0.128463,fp32,613
frame_798,Model_Inference,0.130700,fp32,596
frame_799,Model_Inference,0.138009,fp32,624
frame_800,Model_Inference,0.128229,fp32,591
frame_801,Model_Inference,0.141634,fp32,589
frame_802,Model_Inference,0.121670,fp32,579
frame_803,Model_Inference,0.116708,fp32,597
frame_804,Model_Inference,0.124715,fp32,608
frame_805,Model_Inference,0.112176,fp32,580
frame_806,Model_Inference,0.118789,fp32,573
frame_807,Model_Inference,0.121447,fp32,565
frame_808,Model_Inference,0.112855,fp32,578
frame_809,Model_Inference,0.134358,fp32,583
frame_810,Model_Inference,0.141210,fp32,570
frame_811,Model_Inference,0.111864,fp32,556
frame_812,Model_Inference,0.123255,fp32,591
frame_813,Model_Inference,0.116957,fp32,565
frame_814,Model_Inference,0.127103,fp32,554
frame_815,Model_Inference,0.125467,fp32,556
frame_816,Model_Inference,0.129250,fp32,570
frame_817,Model_Inference,0.116101,fp32,555
frame_818,Model_Inference,0.123764,fp32,565
frame_819,Model_Inference,0.134539,fp32,561
frame_820,Model_Inference,0.110607,fp32,556
frame_821,Model_Inference,0.110284,fp32,545
frame_822,Model_Inference,0.111752,fp32,575
frame_823,Model_Inference,0.117305,fp32,583
frame_824,Model_Inference,0.112442,fp32,572
frame_825,Model_Inference,0.114410,fp32,570
frame_826,Model_Inference,0.114487,fp32,586
frame_827,Model_Inference,0.126359,fp32,585
frame_828,Model_Inference,0.120026,fp32,597
frame_829,Model_Inference,0.128346,fp32,579
frame_830,Model_Inference,0.115026,fp32,580
frame_831,Model_Inference,0.136301,fp32,584
frame_832,Model_Inference,0.130270,fp32,580
frame_833,Model_Inference,0.129284,fp32,589
frame_834,Model_Inference,0.128296,fp32,575
frame_835,Model_Inference,0.118157,fp32,574
frame_836,Model_Inference,0.135427,fp32,593
frame_837,Model_Inference,0.125838,fp32,568
frame_838,Model_Inference,0.128151,fp32,560
frame_839,Model_Inference,0.111493,fp32,570
frame_840,Model_Inference,0.115161,fp32,585
frame_841,Model_Inference,0.113381,fp32,572
frame_842,Model_Inference,0.128763,fp32,562
frame_843,Model_Inference,0.123340,fp32,581
frame_844,Model_Inference,0.119571,fp32,575
frame_845,Model_Inference,0.115166,fp32,601
frame_846,Model_Inference,0.110562,fp32,567
frame_847,Model_Inference,0.117545,fp32,579
frame_848,Model_Inference,0.126648,fp32,575
frame_849,Model_Inference,0.122342,fp32,588
frame_850,Model_Inference,0.124838,fp32,555
frame_851,Model_Inference,0.130109,fp32,575
frame_852,Model_Inference,0.129801,fp32,533
frame_853,Model_Inference,0.126518,fp32,572
frame_854,Model_Inference,0.123466,fp32,552
frame_855,Model_Inference,0.120898,fp32,558
frame_856,Model_Inference,0.116167,fp32,593
frame_857,Model_Inference,0.114291,fp32,565
frame_858,Model_Inference,0.126348,fp32,572
frame_859,Model_Inference,0.114610,fp32,554
frame_860,Model_Inference,0.118629,fp32,542
frame_861,Model_Inference,0.119178,fp32,572
frame_862,Model_Inference,0.112426,fp32,562
frame_863,Model_Inference,0.123931,fp32,543
frame_864,Model_Inference,0.132863,fp32,560
frame_865,Model_Inference,0.127210,fp32,586
frame_866,Model_Inference,0.127556,fp32,573
frame_867,Model_Inference,0.133954,fp32,572
frame_868,Model_Inference,0.119572,fp32,577
frame_869,Model_Inference,0.116577,fp32,577
frame_870,Model_Inference,0.110258,fp32,558
frame_871,Model_Inference,0.115627,fp32,566
frame_872,Model_Inference,0.119344,fp32,566
frame_873,Model_Inference,0.120015,fp32,557
frame_874,Model_Inference,0.115848,fp32,575
frame_875,Model_Inference,0.124406,fp32,584
frame_876,Model_Inference,0.118093,fp32,562
frame_877,Model_Inference,0.119391,fp32,560
frame_878,Model_Inference,0.110290,fp32,554
frame_879,Model_Inference,0.113498,fp32,543
frame_880,Model_Inference,0.128256,fp32,557
frame_881,Model_Inference,0.119073,fp32,550
frame_882,Model_Inference,0.113187,fp32,521
frame_883,Model_Inference,0.124179,fp32,534
frame_884,Model_Inference,0.125311,fp32,546
frame_885,Model_Inference,0.119990,fp32,538
frame_886,Model_Inference,0.113525,fp32,544
frame_887,Model_Inference,0.121013,fp32,555
frame_888,Model_Inference,0.123038,fp32,580
frame_889,Model_Inference,0.111966,fp32,584
frame_890,Model_Inference,0.136800,fp32,533
frame_891,Model_Inference,0.114429,fp32,558
frame_892,Model_Inference,0.112289,fp32,541
frame_893,Model_Inference,0.126582,fp32,591
frame_894,Model_Inference,0.124212,fp32,550
frame_895,Model_Inference,0.110158,fp32,552
frame_896,Model_Inference,0.119491,fp32,558
frame_897,Model_Inference,0.110979,fp32,538
frame_898,Model_Inference,0.125648,fp32,550
frame_899,Model_Inference,0.110113,fp32,562
frame_900,Model_Inference,0.125368,fp32,539
frame_901,Model_Inference,0.118960,fp32,528
frame_902,Model_Inference,0.111693,fp32,542
frame_903,Model_Inference,0.128918,fp32,563
frame_904,Model_Inference,0.116844,fp32,562
frame_905,Model_Inference,0.123151,fp32,518
frame_906,Model_Inference,0.110320,fp32,547
frame_907,Model_Inference,0.113107,fp32,501
frame_908,Model_Inference,0.113931,fp32,532
frame_909,Model_Inference,0.124590,fp32,491
frame_910,Model_Inference,0.121830,fp32,524
frame_911,Model_Inference,0.111509,fp32,538
frame_912,Model_Inference,0.114779,fp32,545
frame_913,Model_Inference,0.120930,fp32,565
frame_914,Model_Inference,0.131080,fp32,536
frame_915,Model_Inference,0.113091,fp32,541
frame_916,Model_Inference,0.123556,fp32,554
frame_917,Model_Inference,0.134602,fp32,562
frame_918,Model_Inference,0.123835,fp32,563
frame_919,Model_Inference,0.129970,fp32,566
frame_920,Model_Inference,0.110176,fp32,552
frame_921,Model_Inference,0.113969,fp32,571
frame_922,Model_Inference,0.134143,fp32,575
frame_923,Model_Inference,0.125994,fp32,565
frame_924,Model_Inference,0.120383,fp32,595
frame_925,Model_Inference,0.110129,fp32,525
frame_926,Model_Inference,0.120943,fp32,542
frame_927,Model_Inference,0.126217,fp32,571
frame_928,Model_Inference,0.127083,fp32,548
frame_929,Model_Inference,0.126721,fp32,535
frame_930,Model_Inference,0.124974,fp32,543
frame_931,Model_Inference,0.124428,fp32,533
frame_932,Model_Inference,0.127017,fp32,494
frame_933,Model_Inference,0.111027,fp32,521
frame_934,Model_Inference,0.127546,fp32,515
frame_935,Model_Inference,0.119058,fp32,521
frame_936,Model_Inference,0.132507,fp32,480
frame_937,Model_Inference,0.121718,fp32,530
frame_938,Model_Inference,0.133414,fp32,482
frame_939,Model_Inference,0.135550,fp32,464
frame_940,Model_Inference,0.118193,fp32,482
frame_941,Model_Inference,0.123778,fp32,511
frame_942,Model_Inference,0.130790,fp32,521
frame_943,Model_Inference,0.120847,fp32,520
frame_944,Model_Inference,0.120153,fp32,512
frame_945,Model_Inference,0.109986,fp32,483
frame_946,Model_Inference,0.115300,fp32,469
frame_947,Model_Inference,0.122047,fp32,514
frame_948,Model_Inference,0.132204,fp32,458
frame_949,Model_Inference,0.114340,fp32,413
frame_950,Model_Inference,0.126388,fp32,437
frame_951,Model_Inference,0.127614,fp32,420
frame_952,Model_Inference,0.119085,fp32,444
frame_953,Model_Inference,0.124197,fp32,447
frame_954,Model_Inference,0.122021,fp32,447
frame_955,Model_Inference,0.110432,fp32,454
frame_956,Model_Inference,0.125621,fp32,441
frame_957,Model_Inference,0.111788,fp32,439
frame_958,Model_Inference,0.118534,fp32,429
frame_959,Model_Inference,0.110304,fp32,417
frame_960,Model_Inference,0.119348,fp32,394
frame_961,Model_Inference,0.110512,fp32,414
frame_962,Model_Inference,0.124272,fp32,418
frame_963,Model_Inference,0.131621,fp32,426
frame_964,Model_Inference,0.110135,fp32,392
frame_965,Model_Inference,0.125026,fp32,383
frame_966,Model_Inference,0.114001,fp32,410
frame_967,Model_Inference,0.110198,fp32,398
frame_968,Model_Inference,0.126263,fp32,387
frame_969,Model_Inference,0.123542,fp32,370
frame_970,Model_Inference,0.115423,fp32,406
frame_971,Model_Inference,0.110088,fp32,374
frame_972,Model_Inference,0.124469,fp32,392
frame_973,Model_Inference,0.137482,fp32,370
frame_974,Model_Inference,0.132215,fp32,389
frame_975,Model_Inference,0.145921,fp32,378
frame_976,Model_Inference,0.135611,fp32,336
frame_977,Model_Inference,0.110292,fp32,339
frame_978,Model_Inference,0.116798,fp32,357
frame_979,Model_Inference,0.114855,fp32,366
frame_980,Model_Inference,0.117604,fp32,358
frame_981,Model_Inference,0.119290,fp32,349
frame_982,Model_Inference,0.119393,fp32,367
frame_983,Model_Inference,0.118148,fp32,343
frame_984,Model_Inference,0.123219,fp32,340
frame_985,Model_Inference,0.138927,fp32,332
frame_986,Model_Inference,0.133238,fp32,339
frame_987,Model_Inference,0.124189,fp32,326
frame_988,Model_Inference,0.110264,fp32,326
frame_989,Model_Inference,0.110190,fp32,335
frame_990,Model_Inference,0.132379,fp32,321
frame_991,Model_Inference,0.127952,fp32,338
frame_992,Model_Inference,0.119127,fp32,304
frame_993,Model_Inference,0.114183,fp32,322
frame_994,Model_Inference,0.126719,fp32,309
frame_995,Model_Inference,0.123270,fp32,281
frame_996,Model_Inference,0.120809,fp32,307
frame_997,Model_Inference,0.121781,fp32,275
frame_998,Model_Inference,0.134563,fp32,291
frame_999,Model_Inference,0.119966,fp32,296
frame_1000,Model_Inference,0.110339,fp32,288
frame_1001,Model_Inference,0.117671,fp32,296
frame_1002,Model_Inference,0.126701,fp32,292
frame_1003,Model_Inference,0.142530,fp32,276
frame_1004,Model_Inference,0.130247,fp32,288
frame_1005,Model_Inference,0.126488,fp32,256
frame_1006,Model_Inference,0.112596,fp32,295
frame_1007,Model_Inference,0.130862,fp32,265
frame_1008,Model_Inference,0.131164,fp32,243
frame_1009,Model_Inference,0.135079,fp32,229
frame_1010,Model_Inference,0.126513,fp32,224
frame_1011,Model_Inference,0.115306,fp32,258
frame_1012,Model_Inference,0.124024,fp32,240
frame_1013,Model_Inference,0.126143,fp32,242
frame_1014,Model_Inference,0.117447,fp32,234
frame_1015,Model_Inference,0.117946,fp32,234
frame_1016,Model_Inference,0.132154,fp32,207
frame_1017,Model_Inference,0.119954,fp32,195
frame_1018,Model_Inference,0.110115,fp32,173
frame_1019,Model_Inference,0.123358,fp32,169
frame_1020,Model_Inference,0.110087,fp32,207
frame_1021,Model_Inference,0.121556,fp32,191
frame_1022,Model_Inference,0.111833,fp32,194
frame_1023,Model_Inference,0.111584,fp32,177
frame_1024,Model_Inference,0.123501,fp32,221
frame_1025,Model_Inference,0.119007,fp32,194
frame_1026,Model_Inference,0.129981,fp32,207
frame_1027,Model_Inference,0.123697,fp32,218
frame_1028,Model_Inference,0.114031,fp32,228
frame_1029,Model_Inference,0.109938,fp32,184
frame_1030,Model_Inference,0.111493,fp32,190
frame_1031,Model_Inference,0.141413,fp32,210
frame_1032,Model_Inference,0.117956,fp32,213
frame_1033,Model_Inference,0.124303,fp32,196
frame_1034,Model_Inference,0.128540,fp32,195
frame_1035,Model_Inference,0.123754,fp32,191
frame_1036,Model_Inference,0.129821,fp32,209
frame_1037,Model_Inference,0.120042,fp32,197
frame_1038,Model_Inference,0.120777,fp32,209
frame_1039,Model_Inference,0.132577,fp32,215
frame_1040,Model_Inference,0.121830,fp32,220
frame_1041,Model_Inference,0.112612,fp32,219
frame_1042,Model_Inference,0.115310,fp32,241
frame_1043,Model_Inference,0.131933,fp32,220
frame_1044,Model_Inference,0.114249,fp32,217
frame_1045,Model_Inference,0.113798,fp32,209
frame_1046,Model_Inference,0.110079,fp32,218
frame_1047,Model_Inference,0.120507,fp32,233
frame_1048,Model_Inference,0.114408,fp32,227
frame_1049,Model_Inference,0.114788,fp32,239
frame_1050,Model_Inference,0.124062,fp32,251
frame_1051,Model_Inference,0.128497,fp32,235
frame_1052,Model_Inference,0.118576,fp32,230
frame_1053,Model_Inference,0.110325,fp32,230
frame_1054,Model_Inference,0.119625,fp32,245
frame_1055,Model_Inference,0.118847,fp32,224
frame_1056,Model_Inference,0.110151,fp32,251
frame_1057,Model_Inference,0.140839,fp32,265
frame_1058,Model_Inference,0.124386,fp32,256
frame_1059,Model_Inference,0.122789,fp32,267
frame_1060,Model_Inference,0.113641,fp32,251
frame_1061,Model_Inference,0.123127,fp32,270
frame_1062,Model_Inference,0.134726,fp32,276
frame_1063,Model_Inference,0.115347,fp32,298
frame_1064,Model_Inference,0.132976,fp32,265
frame_1065,Model_Inference,0.111419,fp32,275
frame_1066,Model_Inference,0.114908,fp32,255
frame_1067,Model_Inference,0.117410,fp32,259
frame_1068,Model_Inference,0.133066,fp32,268
frame_1069,Model_Inference,0.115721,fp32,256
frame_1070,Model_Inference,0.126996,fp32,271
frame_1071,Model_Inference,0.115815,fp32,273
frame_1072,Model_Inference,0.116191,fp32,288
frame_1073,Model_Inference,0.118905,fp32,276
frame_1074,Model_Inference,0.128663,fp32,255
frame_1075,Model_Inference,0.127447,fp32,272
frame_1076,Model_Inference,0.124245,fp32,266
frame_1077,Model_Inference,0.128305,fp32,255
frame_1078,Model_Inference,0.138434,fp32,284
frame_1079,Model_Inference,0.123371,fp32,278
frame_1080,Model_Inference,0.129547,fp32,279
frame_1081,Model_Inference,0.114450,fp32,264
frame_1082,Model_Inference,0.135348,fp32,270
frame_1083,Model_Inference,0.111362,fp32,282
frame_1084,Model_Inference,0.110956,fp32,276
frame_1085,Model_Inference,0.128661,fp32,262
frame_1086,Model_Inference,0.132498,fp32,271
frame_1087,Model_Inference,0.126989,fp32,279
frame_1088,Model_Inference,0.121441,fp32,272
frame_1089,Model_Inference,0.135235,fp32,251
frame_1090,Model_Inference,0.120776,fp32,265
frame_1091,Model_Inference,0.114211,fp32,255
frame_1092,Model_Inference,0.123797,fp32,270
frame_1093,Model_Inference,0.152310,fp32,254
frame_1094,Model_Inference,0.156142,fp32,269
frame_1095,Model_Inference,0.132001,fp32,282
frame_1096,Model_Inference,0.123332,fp32,274
frame_1097,Model_Inference,0.139297,fp32,251
frame_1098,Model_Inference,0.126917,fp32,263
frame_1099,Model_Inference,0.132442,fp32,252
frame_1100,Model_Inference,0.121844,fp32,230
frame_1101,Model_Inference,0.126140,fp32,283
frame_1102,Model_Inference,0.125843,fp32,260
frame_1103,Model_Inference,0.120628,fp32,273
frame_1104,Model_Inference,0.123376,fp32,273
frame_1105,Model_Inference,0.121224,fp32,245
frame_1106,Model_Inference,0.137792,fp32,253
frame_1107,Model_Inference,0.117363,fp32,244
frame_1108,Model_Inference,0.120230,fp32,235
frame_1109,Model_Inference,0.122777,fp32,226
frame_1110,Model_Inference,0.111713,fp32,197
frame_1111,Model_Inference,0.110893,fp32,232
frame_1112,Model_Inference,0.128095,fp32,204
frame_1113,Model_Inference,0.118014,fp32,222
frame_1114,Model_Inference,0.120963,fp32,225
frame_1115,Model_Inference,0.129958,fp32,227
frame_1116,Model_Inference,0.141169,fp32,221
frame_1117,Model_Inference,0.111901,fp32,238
frame_1118,Model_Inference,0.114618,fp32,250
frame_1119,Model_Inference,0.129420,fp32,234
frame_1120,Model_Inference,0.130320,fp32,259
frame_1121,Model_Inference,0.132617,fp32,231
frame_1122,Model_Inference,0.134125,fp32,300
frame_1123,Model_Inference,0.113589,fp32,285
frame_1124,Model_Inference,0.122940,fp32,252
frame_1125,Model_Inference,0.123525,fp32,278
frame_1126,Model_Inference,0.110465,fp32,258
frame_1127,Model_Inference,0.123630,fp32,265
frame_1128,Model_Inference,0.110052,fp32,276
frame_1129,Model_Inference,0.110147,fp32,272
frame_1130,Model_Inference,0.120790,fp32,271
frame_1131,Model_Inference,0.117989,fp32,264
frame_1132,Model_Inference,0.111593,fp32,256
frame_1133,Model_Inference,0.149184,fp32,302
frame_1134,Model_Inference,0.120998,fp32,274
frame_1135,Model_Inference,0.120476,fp32,243
frame_1136,Model_Inference,0.116266,fp32,247
frame_1137,Model_Inference,0.125230,fp32,241
frame_0,Model_Inference,0.132720,fp32,540
frame_5,Model_Inference,0.132101,fp32,501
frame_10,Model_Inference,0.132646,fp32,489
frame_15,Model_Inference,0.123565,fp32,485
frame_20,Model_Inference,0.125215,fp32,467
frame_25,Model_Inference,0.129959,fp32,502
frame_30,Model_Inference,0.121877,fp32,481
frame_35,Model_Inference,0.134571,fp32,482
frame_40,Model_Inference,0.123661,fp32,483
frame_45,Model_Inference,0.149629,fp32,469
frame_50,Model_Inference,0.123319,fp32,478
frame_0,Model_Inference,0.146582,fp32,540
frame_5,Model_Inference,0.126042,fp32,501
frame_10,Model_Inference,0.139932,fp32,489
frame_15,Model_Inference,0.137649,fp32,485
frame_20,Model_Inference,0.126373,fp32,467
frame_25,Model_Inference,0.138339,fp32,502
frame_30,Model_Inference,0.143609,fp32,481
frame_35,Model_Inference,0.129052,fp32,482
frame_40,Model_Inference,0.127966,fp32,483
frame_45,Model_Inference,0.143894,fp32,469
frame_50,Model_Inference,0.151720,fp32,478
frame_55,Model_Inference,0.139925,fp32,477
frame_60,Model_Inference,0.153052,fp32,483
frame_65,Model_Inference,0.129306,fp32,475
frame_70,Model_Inference,0.142702,fp32,480
frame_75,Model_Inference,0.143245,fp32,514
frame_80,Model_Inference,0.140504,fp32,455
frame_85,Model_Inference,0.140025,fp32,470
frame_90,Model_Inference,0.155308,fp32,487
frame_95,Model_Inference,0.130690,fp32,495
frame_100,Model_Inference,0.155931,fp32,503
frame_105,Model_Inference,0.150892,fp32,506
frame_110,Model_Inference,0.133015,fp32,480
frame_115,Model_Inference,0.135326,fp32,444
frame_120,Model_Inference,0.137605,fp32,494
frame_125,Model_Inference,0.156083,fp32,487
frame_130,Model_Inference,0.132872,fp32,460
frame_135,Model_Inference,0.136051,fp32,465
frame_140,Model_Inference,0.139961,fp32,436
frame_145,Model_Inference,0.130361,fp32,425
frame_150,Model_Inference,0.125717,fp32,393
frame_155,Model_Inference,0.130164,fp32,406
frame_160,Model_Inference,0.144450,fp32,422
frame_165,Model_Inference,0.122911,fp32,410
frame_170,Model_Inference,0.136271,fp32,456
frame_175,Model_Inference,0.145037,fp32,407
frame_180,Model_Inference,0.117729,fp32,421
frame_185,Model_Inference,0.130572,fp32,388
frame_190,Model_Inference,0.126007,fp32,436
frame_195,Model_Inference,0.143404,fp32,451
frame_200,Model_Inference,0.124031,fp32,410
frame_205,Model_Inference,0.129834,fp32,432
frame_210,Model_Inference,0.129038,fp32,437
frame_215,Model_Inference,0.138886,fp32,427
frame_220,Model_Inference,0.152694,fp32,437
frame_225,Model_Inference,0.142759,fp32,424
frame_230,Model_Inference,0.128403,fp32,443
frame_235,Model_Inference,0.152405,fp32,437
frame_240,Model_Inference,0.129012,fp32,450
frame_245,Model_Inference,0.131743,fp32,462
frame_250,Model_Inference,0.125647,fp32,445
frame_255,Model_Inference,0.132027,fp32,437
frame_260,Model_Inference,0.138044,fp32,443
frame_265,Model_Inference,0.143829,fp32,427
frame_270,Model_Inference,0.137755,fp32,446
frame_275,Model_Inference,0.137957,fp32,432
frame_280,Model_Inference,0.127201,fp32,480
frame_285,Model_Inference,0.134603,fp32,418
frame_290,Model_Inference,0.141843,fp32,420
frame_295,Model_Inference,0.123828,fp32,446
frame_300,Model_Inference,0.127497,fp32,471
2024-07-10_15-41-46,Model_Inference,0.132980,fp32,396
